city,district,address
上海市,黄浦区,淮海中路526弄77号
上海市,徐汇区,延庆路29弄21号
上海市,普陀区,武宁路2525弄21号
上海市,静安区,南京西路972弄986号
上海市,黄浦区,广东路392号
上海市,徐汇区,永嘉路128号
上海市,静安区,武定路890弄
上海市,徐汇区,建国西路619弄10号
上海市,静安区,新乐路56弄
上海市,徐汇区,南昌路136弄42号
上海市,浦东区,崂山新村121号
上海市,黄浦区,新昌路87弄43号
上海市,静安区,新闸路1380弄6号
上海市,宝山区,联泰路63号
上海市,静安区,陕西北路175弄6号
上海市,徐汇区,延庆路72号
上海市,普陀区,大渡河路1262弄42号
上海市,黄浦区,南昌路178弄18号
上海市,闸北区,闻喜路251弄14号
上海市,普陀区,真光路1433弄26号
上海市,黄浦区,新昌路120号
上海市,黄浦区,梦花街73弄1号
上海市,黄浦区,梦花街73弄1号
上海市,黄浦区,新昌路87弄43号
上海市,黄浦区,新昌路87弄43号
上海市,黄浦区,新昌路87弄43号
上海市,黄浦区,新昌路87弄43号
上海市,黄浦区,梦花街73弄1号
上海市,静安区,威海路830号
上海市,黄浦区,梦花街73弄1号
上海市,黄浦区,梦花街73弄1号
上海市,黄浦区,梦花街73弄1号
上海市,黄浦区,梦花街73弄1号
上海市,黄浦区,梦花街73弄1号
上海市,黄浦区,梦花街73弄1号
上海市,黄浦区,梦花街91号
上海市,黄浦区,新天地路555号
上海市,徐汇区,襄阳南路306弄79号
上海市,徐汇区,嘉善路236弄6号
上海市,徐汇区,嘉善路119弄1楼
上海市,徐汇区,复兴中路1218弄20号
上海市,徐汇区,南丹路286弄4号
上海市,徐汇区,南丹路286弄4号
上海市,黄浦区,新昌路87弄43号
上海市,徐汇区,南丹路286弄4号
上海市,虹口区,峨眉路407号
上海市,徐汇区,南丹路286弄212号
上海市,黄浦区,淮海中路526弄65号
上海市,黄浦区,陕西南路25弄
上海市,宝山区,顾太路85弄158号
上海市,黄浦区,瑞金二路129弄39号
上海市,长宁区,江苏路62弄
上海市,徐汇区,永康路38弄18号
上海市,黄浦区,延安中路545弄3号
上海市,宝山区,淞南三村65号
上海市,徐汇区,复兴中路1295弄4号
上海市,长宁区,长宁支路133弄
上海市,黄浦区,长乐路81号
上海市,静安区,陕西北路119弄830号
上海市,静安区,威海路830号
上海市,静安区,威海路830号
上海市,徐汇区,陕西南路271弄1号
上海市,静安区,华山路351弄10号
上海市,静安区,陕西北路119弄
上海市,普陀区,双山路161弄7号
上海市,黄浦区,陕西南路287弄18号
上海市,黄浦区,进贤路138弄3号
上海市,黄浦区,陕西南路287弄26号
上海市,长宁区,娄山关路815弄128号
上海市,黄浦区,梦花街73弄1号
上海市,黄浦区,梦花街73弄1号
上海市,普陀区,大渡河路2030弄6号
上海市,徐汇区,永嘉路394号
上海市,静安区,延平路220弄9号
上海市,徐汇区,淮海中1984弄23号
上海市,黄浦区,陕西南路287弄7号
上海市,黄浦区,雁荡路55弄7号
上海市,徐汇区,新乐路100弄10号
上海市,黄浦区,马当路306弄51号
上海市,黄浦区,新昌路111号
上海市,徐汇区,安福路228弄11号
上海市,静安区,富民路197弄37号
上海市,静安区,愚园路608弄180号
上海市,徐汇区,永康路38弄18号
上海市,徐汇区,威海路652弄168号
上海市,黄浦区,宁海东路41号
上海市,静安区,阳曲路470弄，35号
上海市,闵行区,华侨城四期1306号
上海市,徐汇区,巨鹿路401弄3号
上海市,黄浦区,淡水路228号
上海市,徐汇区,医学院路52号
上海市,徐汇区,复兴西路30弄5号
上海市,黄浦区,梦花街73弄1号
上海市,徐汇区,天平路212弄3号
上海市,普陀区,顺义路10弄10号
上海市,黄浦区,长乐路169弄38号
上海市,长宁区,新华路393弄2号
上海市,徐汇区,安福路275弄
上海市,黄浦区,长乐路169弄69号
上海市,黄浦区,北海路267弄9号
上海市,黄浦区,北海路267弄9号
上海市,徐汇区,安福路229弄
上海市,虹口区,水电路191弄
上海市,黄浦区,合肥路620号
上海市,长宁区,玉屏南路725号
上海市,黄浦区,合肥路620号
上海市,静安区,胶州路190弄6号
上海市,浦东区,商城路918弄8号
上海市,长宁区,愚园路1032弄
上海市,黄浦区,北海路267弄9号
上海市,黄浦区,北海路998弄889号
上海市,黄浦区,北海路267弄9号
上海市,黄浦区,盛家街路80弄5号
上海市,闵行区,东兰路307弄
上海市,徐汇区,海海中路1487弄
上海市,闸北区,临汾路11号
上海市,静安区,南汇路34弄11号
上海市,静安区,华山路803弄
上海市,徐汇区,南京西路1129弄56号
上海市,静安区,茂名北路111弄15号
上海市,静安区,长乐路774弄20号
上海市,黄浦区,进贤路138弄8号
上海市,黄浦区,复兴中路553弄35号
上海市,徐汇区,襄阳南路444弄51号
上海市,黄浦区,新昌路553号
上海市,长宁区,长宁路396弄
上海市,黄浦区,梦花街73弄1号
上海市,黄浦区,平望街15弄
上海市,黄浦区,梦花街73弄1号
上海市,静安区,常熟路163弄27号
上海市,黄浦区,梦花街73弄1号
上海市,黄浦区,宁海东路250号
上海市,静安区,威海路910弄77号
上海市,静安区,常熟路108弄9号
上海市,黄浦区,福州路298号
上海市,黄浦区,陕西南路287弄1号
上海市,黄浦区,梦花街73弄1号
上海市,普陀区,白玉路40号
上海市,黄浦区,陕西南路271弄1号
上海市,长宁区,哈密路1800弄3号
上海市,徐汇区,陕西南路534弄2号
上海市,长宁区,宣化路72弄5号
上海市,静安区,南京西路591弄121号
上海市,黄浦区,陕西南路287弄26号
上海市,黄浦区,北海路267弄9号
上海市,黄浦区,瑞金二路358号
上海市,徐汇区,枫林路1弄12号
上海市,徐汇区,华山路803弄8号
上海市,黄浦区,进贤路138弄
上海市,静安区,余姚路487弄
上海市,黄浦区,重庆南路39弄
上海市,徐汇区,淮海中路1487弄
上海市,黄浦区,来福士广场北海路268号
上海市,黄浦区,延安东路1318弄8号
上海市,徐汇区,东湖路56弄53号
上海市,徐汇区,海海中路1487弄
上海市,黄浦区,长乐路169弄
上海市,徐汇区,永嘉路371号
上海市,徐汇区,汾阳路64弄
上海市,黄浦区,泰康路274弄
上海市,浦东区,崂山四村28号
上海市,长宁区,长宁路491弄24号
上海市,长宁区,万航渡路1424弄64号
上海市,黄浦区,福州路298号
上海市,徐汇区,陕西南路582弄
上海市,徐汇区,高安路100弄，2号
上海市,黄浦区,蓬莱路388弄28号
上海市,黄浦区,南昌路24弄14号
上海市,徐汇区,永康路50号
上海市,浦东区,柳埠路142弄1号
上海市,黄浦区,静修路50弄1号
上海市,徐汇区,龙华西路31弄47号
上海市,徐汇区,常熟路163弄9号
上海市,静安区,愚谷村31号
上海市,长宁区,长宁支路328弄1号
上海市,黄浦区,平望街15弄
上海市,黄浦区,山西南路339号
上海市,闵行区,闵行漕宝路1467弄
上海市,黄浦区,平望街15弄11号
上海市,徐汇区,陕西南路222弄5号
上海市,长宁区,华山路1006弄23号
上海市,徐汇区,永嘉路166弄4号
上海市,徐汇区,复兴中路616弄
上海市,黄浦区,梦花街73弄1号
上海市,浦东区,蓝村路501弄24号
上海市,黄浦区,建国东路151号
上海市,黄浦区,江西中路481号
上海市,徐汇区,永康路142弄38号
上海市,徐汇区,建国西路611号
上海市,徐汇区,襄阳南路444弄30号
上海市,黄浦区,自忠路49号
上海市,徐汇区,淮海中路1487弄37号
上海市,徐汇区,淮海中路1487弄7号
上海市,黄浦区,淮海中路927弄29号
上海市,徐汇区,安福路228弄
上海市,黄浦区,平望街15弄11号
上海市,静安区,南京西路591弄101号
上海市,黄浦区,北海路267弄9号
上海市,黄浦区,南昌路136弄17号
上海市,黄浦区,四川中路572弄23号
上海市,黄浦区,马当路278弄78号
上海市,黄浦区,淮海中路542弄12号
上海市,黄浦区,北京东路288弄51号
上海市,静安区,陕西北路815弄30号
上海市,黄浦区,进贤路156弄2号
上海市,长宁区,万航渡路1496号
上海市,黄浦区,自忠路49号
上海市,普陀区,交通路2285弄20号
上海市,闵行区,虹井路328号
上海市,闵行区,虹井路328号
上海市,徐汇区,武康路391弄1号
上海市,黄浦区,梦花街91号
上海市,黄浦区,梦花街73弄1号
上海市,黄浦区,梦花街73弄1号
上海市,徐汇区,桂林西街30弄20号
上海市,黄浦区,建国东路151号
上海市,黄浦区,梦花街73弄1号
上海市,静安区,康定路888弄9号
上海市,徐汇区,龙水南路64号
上海市,黄浦区,新天地路98号
上海市,浦东区,浦东南路1288号
上海市,徐汇区,天平路212弄10号
上海市,静安区,巨鹿路584号
上海市,黄浦区,新天地建国东路151号
上海市,徐汇区,安福路275弄9号
上海市,长宁区,法华镇路792弄
上海市,黄浦区,进贤路122弄6号
上海市,闵行区,莘松三村26号
上海市,闵行区,都市路3635弄76号
上海市,黄浦区,重庆北路319弄154号
上海市,黄浦区,进贤路156弄9号
上海市,徐汇区,襄阳南路239弄1号
上海市,黄浦区,陕西南路287弄3号
上海市,黄浦区,建国西路104号
上海市,黄浦区,复兴中路553弄13号
上海市,长宁区,愚园路1075号
上海市,徐汇区,太原路181弄
上海市,普陀区,农林路101弄2号
上海市,静安区,茂名北路73弄
上海市,静安区,芷江西路220弄41号
上海市,徐汇区,常熟路116弄6号
上海市,徐汇区,高安路9弄11号
上海市,徐汇区,茶陵路225弄1号
上海市,黄浦区,陕西南路287弄27号
上海市,长宁区,娄山关路815弄151号
上海市,浦东区,梅园三街坊3号
上海市,静安区,延安中路740弄3号
上海市,徐汇区,天平路208弄10号
上海市,静安区,延安中路740弄3号
上海市,普陀区,金汤路353弄
上海市,徐汇区,襄阳南路510弄9号
上海市,徐汇区,乌鲁木齐中路162弄1号
上海市,徐汇区,龙水南路3号
上海市,黄浦区,福州路296号
上海市,黄浦区,尚文路133弄30号
上海市,静安区,延安中路507弄18号
上海市,黄浦区,肇周路332弄12号
上海市,黄浦区,尚文路133弄30号
上海市,静安区,朝南带大露台路3434号
上海市,黄浦区,尚文路133弄101号
上海市,静安区,延安中路铜仁路88弄88号
上海市,黄浦区,乌鲁木齐南路396号
上海市,黄浦区,山西南路339号
上海市,静安区,华山路351弄10号
上海市,徐汇区,安亭路133号
上海市,浦东区,成山路24弄57号
上海市,静安区,愚园路576弄30号
上海市,浦东区,浦东南路1630号
上海市,浦东区,浦三路628弄1号
上海市,黄浦区,淮海中路542弄1号
上海市,黄浦区,淮海中路584弄9号
上海市,黄浦区,山西南路58号
上海市,长宁区,万航渡路2488弄2488号
上海市,徐汇区,巨鹿路401弄3号
上海市,黄浦区,瑞金二路129弄1号
上海市,静安区,新闸路1229号
上海市,徐汇区,淮海中路1487弄1号
上海市,徐汇区,常熟路116弄5号
上海市,黄浦区,尚文路133弄3号
上海市,徐汇区,延安中路749弄11号
上海市,黄浦区,威海路172弄7号
上海市,徐汇区,安福路228弄1号
上海市,静安区,长乐路764弄13号
上海市,徐汇区,进贤路180弄8号
上海市,静安区,富民路210弄
上海市,黄浦区,尚文路133弄101号
上海市,普陀区,铜川路2555弄22号
上海市,静安区,长乐路764弄13号
上海市,黄浦区,梦花街73弄1号
上海市,徐汇区,龙华西路21弄
上海市,宝山区,逸仙路1321弄124号
上海市,静安区,富民路61弄6号
上海市,宝山区,杨桃路185弄53号
上海市,黄浦区,梦花街73弄1号
上海市,静安区,延安中路507弄18号
上海市,黄浦区,建国东路151号
上海市,徐汇区,淮海中路1893弄1号
上海市,静安区,新闸路1940弄1号
上海市,静安区,万航渡路21弄9号
上海市,徐汇区,建国中路26号
上海市,黄浦区,宁海东路41号
上海市,普陀区,清峪路81弄16号
上海市,徐汇区,南丹路286弄4号
上海市,徐汇区,南丹路286弄4号
上海市,徐汇区,南丹路286弄4号
上海市,黄浦区,建国东路151弄5号
上海市,黄浦区,肇周路233弄12号
上海市,长宁区,天山四村151号
上海市,长宁区,昭化东路200弄4号
上海市,黄浦区,重庆南路205弄
上海市,徐汇区,淮海中路1487弄3号
上海市,虹口区,祥德路319弄43号
上海市,黄浦区,四川南路44弄
上海市,普陀区,铜川路2285弄24号
上海市,长宁区,延安西路649弄75号
上海市,徐汇区,襄阳南路452弄131号
上海市,黄浦区,江西中路412弄41号
上海市,徐汇区,余庆路181号
上海市,黄浦区,进贤路156弄2号
上海市,静安区,愚园路579弄48号
上海市,黄浦区,绍兴路56弄6号
上海市,静安区,愚园路532弄
上海市,徐汇区,复兴中路1317号
上海市,徐汇区,茶陵路65弄1号
上海市,黄浦区,马当路278弄78号
上海市,徐汇区,延庆路82号
上海市,静安区,厦门路115号
上海市,黄浦区,重庆南路39弄4号
上海市,黄浦区,厦门路115号
上海市,徐汇区,永嘉路386弄9号
上海市,徐汇区,汾阳路112弄1楼
上海市,浦东区,浦东大道318号
上海市,徐汇区,永嘉路580弄2号
上海市,浦东区,严杨璐165弄19号
上海市,黄浦区,肇周路332弄12号
上海市,静安区,陕西北路119弄
上海市,徐汇区,新乐路142号
上海市,长宁区,武夷路519弄54号
上海市,静安区,陕西北路119弄3号
上海市,静安区,常德路587弄8号
上海市,徐汇区,陕西南路271弄2号
上海市,黄浦区,江阴路111弄0303号
上海市,黄浦区,进贤路93弄1号
上海市,徐汇区,常熟路163弄9号
上海市,黄浦区,浙江中路118弄23号
上海市,徐汇区,永福路147弄61号
上海市,徐汇区,永康路37弄32号
上海市,黄浦区,山西南路349弄11号
上海市,静安区,愚园路576弄39号
上海市,静安区,新闸路1124弄16号
上海市,普陀区,北石路115号
上海市,徐汇区,高邮路5弄28号
上海市,徐汇区,番禺路1170弄7号
上海市,黄浦区,淮海中路526弄23号
上海市,黄浦区,江阴路111弄362号
上海市,黄浦区,茂名南路159弄
上海市,徐汇区,衡山路300弄5号
上海市,静安区,南京西路1978号
上海市,徐汇区,嘉善路140弄6号
上海市,黄浦区,滇池路119号
上海市,黄浦区,江阴路111弄251号
上海市,黄浦区,进贤路156弄3号
上海市,静安区,北京西路605弄30号
上海市,徐汇区,余庆路108号
上海市,徐汇区,乌鲁木齐南路155号
上海市,徐汇区,乌鲁木齐中路148弄2号
上海市,徐汇区,安福路189弄4号
上海市,浦东区,德州路465弄5号
上海市,静安区,黄金城道500弄17号
上海市,静安区,富民路255弄7号
上海市,黄浦区,马当路278弄21号
上海市,静安区,南京西路591弄101号
上海市,黄浦区,四川中路572弄23号
上海市,浦东区,沈家弄路901弄10号
上海市,静安区,南京西路1915弄
上海市,静安区,延安中路507弄18号
上海市,闸北区,洛川中路309弄37号
上海市,黄浦区,陕西南路271弄23支弄2号
上海市,黄浦区,建国中路26弄1号
上海市,徐汇区,湖南路280弄9号
上海市,普陀区,中山北路2655弄8号
上海市,普陀区,双山路131弄6号
上海市,黄浦区,绍兴路19号
上海市,浦东区,乳山路108号
上海市,黄浦区,新天地建国东路151号
上海市,黄浦区,建国西路62号
上海市,黄浦区,宁海东路2332弄3号
上海市,黄浦区,宁海东路41号3
上海市,静安区,南京西路1081弄138号
上海市,静安区,宛平南路727号
上海市,长宁区,昭化东路82弄1号
上海市,徐汇区,高安路69弄1号
上海市,徐汇区,永嘉路353弄
上海市,黄浦区,进贤路165弄8号
上海市,徐汇区,宜山路333弄12号
上海市,浦东区,商城路918弄8号
上海市,黄浦区,泰康路10弄1号
上海市,徐汇区,建国西路354弄16号
上海市,徐汇区,建国西路384弄1号
上海市,徐汇区,太原路56弄1号
上海市,徐汇区,建国西路384弄26号
上海市,黄浦区,长乐路169弄74号
上海市,徐汇区,安福路
上海市,黄浦区,重庆北路155号
上海市,静安区,常德路587弄8号
上海市,长宁区,锦屏路10弄8号
上海市,徐汇区,中山南二路2001弄
上海市,徐汇区,乌鲁木齐南路181号
上海市,徐汇区,永福路86弄6号
上海市,徐汇区,高安路82弄2号
上海市,徐汇区,东安路35号
上海市,长宁区,定西路680号
上海市,徐汇区,永康路109弄3号
上海市,普陀区,光复西路65号
上海市,徐汇区,北居委路62弄
上海市,静安区,康定路1299弄17号
上海市,徐汇区,永康路171号
上海市,长宁区,天山五村16号
上海市,长宁区,云雾山路221弄29号
上海市,浦东区,乳山路108号
上海市,黄浦区,淡水路229弄6号
上海市,黄浦区,自忠路23弄2号
上海市,长宁区,长宁路405弄2号
上海市,黄浦区,复兴中路565弄22号
上海市,徐汇区,虹桥路693弄17号
上海市,黄浦区,宁波路120弄14号
上海市,徐汇区,襄阳南路306弄16号
上海市,静安区,陕西北路835弄28号
上海市,浦东区,博山路78弄
上海市,徐汇区,淮海中路1487弄
上海市,徐汇区,建国西路355弄4号
上海市,徐汇区,宜山路697号
上海市,徐汇区,湖南路289号
上海市,徐汇区,天钥桥路180弄
上海市,徐汇区,斜土路1480弄66号
上海市,浦东区,永泰路2079弄5号
上海市,徐汇区,宛平路189弄4号
上海市,闵行区,保乐路666弄76号
上海市,徐汇区,南丹路333弄8号
上海市,长宁区,万航渡路2505弄62号
上海市,徐汇区,天平路212弄5号
上海市,普陀区,曹杨八村157号
上海市,徐汇区,高安路18弄5号
上海市,徐汇区,常熟路188弄9号
上海市,徐汇区,太原路165弄21号
上海市,长宁区,天山五村16号
上海市,黄浦区,复兴中路553弄70号
上海市,徐汇区,复兴中路1317弄1号
上海市,静安区,延安中路913弄112号
上海市,静安区,延安中路913弄89号
上海市,浦东区,浦东南路1288号
上海市,徐汇区,丰谷路300弄5号
上海市,黄浦区,建国中路145号
上海市,黄浦区,滇池路119号
上海市,黄浦区,自忠路33号
上海市,静安区,胶州路208弄5号
上海市,黄浦区,建国西路56弄
上海市,长宁区,华山路1006弄22号
上海市,静安区,虬江路888弄11号
上海市,黄浦区,进贤路191号
上海市,徐汇区,巨鹿路614弄614号
上海市,静安区,威海路830号
上海市,徐汇区,清真路99弄7号
上海市,徐汇区,中山南二路988弄9号
上海市,静安区,新闸路1124弄
上海市,黄浦区,长乐路93弄1号
上海市,徐汇区,长乐路613弄8号
上海市,徐汇区,长乐路613弄8号
上海市,黄浦区,进贤路159号
上海市,黄浦区,重庆北路177弄4号
上海市,徐汇区,襄阳南路357弄351号
上海市,徐汇区,永嘉路19弄4号
上海市,黄浦区,自忠路66号
上海市,黄浦区,打浦路470弄4号
上海市,黄浦区,自忠路49号
上海市,静安区,北京东路830弄12号
上海市,黄浦区,自忠路49号
上海市,徐汇区,高安路69弄1号
上海市,普陀区,怒江路131弄2号
上海市,长宁区,定西路680号
上海市,徐汇区,淮海中路1487弄34号
上海市,黄浦区,马当路278弄72号
上海市,黄浦区,新昌路119弄16号
上海市,静安区,海防路100弄5号
上海市,静安区,泰兴路227弄1号
上海市,徐汇区,双峰路3号
上海市,长宁区,安顺路231弄34号
上海市,浦东区,浦东南路1475号
上海市,黄浦区,新闸路280弄
上海市,浦东区,锦绣路33338弄
上海市,宝山区,志丹路501弄2号
上海市,黄浦区,淡水路227号
上海市,长宁区,华山路1006弄21号
上海市,长宁区,法华镇路660弄39号
上海市,长宁区,安顺路181弄19号
上海市,普陀区,梅岭北路1001弄1号
上海市,徐汇区,淮海中路1487弄35号
上海市,徐汇区,安福路228弄1号
上海市,静安区,陕西北路414号
上海市,长宁区,利西路47弄31号
上海市,徐汇区,岳阳路195弄19号
上海市,长宁区,剑河路2001弄30号
上海市,徐汇区,中山南路918弄180号
上海市,黄浦区,黄陂南路596弄3号
上海市,徐汇区,康健路3号
上海市,长宁区,虹桥路996弄97号
上海市,静安区,愚园路花园洋房
上海市,黄浦区,铁道路776弄10号
上海市,徐汇区,东安路86弄1号
上海市,徐汇区,建国西路56弄24号
上海市,长宁区,延安西路649弄125号
上海市,徐汇区,永康路
上海市,长宁区,新华路370弄20号
上海市,长宁区,虹桥路996弄99号
上海市,徐汇区,天钥桥路180号
上海市,静安区,北京西路605弄30号
上海市,徐汇区,嘉善路171弄
上海市,浦东区,商城路1177弄31号
上海市,徐汇区,零陵路250弄12号
上海市,徐汇区,斜土路2179号
上海市,浦东区,蓝村路470弄76号
上海市,黄浦区,福州路531号
上海市,长宁区,延安西路649弄50号
上海市,徐汇区,大木桥路450弄6号
上海市,徐汇区,南丹路333弄2号
上海市,徐汇区,康健路77弄3号
上海市,黄浦区,瞿溪路1254弄8号
上海市,徐汇区,五原路50弄6号
上海市,黄浦区,瑞金二路48弄11号
上海市,徐汇区,天平路120弄6号
上海市,静安区,北京西路605弄
上海市,徐汇区,安福路250弄3号
上海市,徐汇区,淮海中路1893弄
上海市,徐汇区,太原路297弄4号
上海市,黄浦区,马当路278弄
上海市,静安区,康定东路33弄
上海市,黄浦区,瑞金二路48弄11号
上海市,长宁区,云雾山路531弄27号
上海市,静安区,胶州路398弄3号
上海市,徐汇区,绍兴路96弄10号
上海市,静安区,北京西路605弄30号
上海市,黄浦区,重庆南路24弄3号
上海市,长宁区,昭化东路82弄3号
上海市,徐汇区,华山路1100弄14号
上海市,静安区,华山路351弄10号
上海市,徐汇区,斜土路2208号
上海市,普陀区,丰庄北路480弄85号
上海市,普陀区,梅岭南路231弄
上海市,黄浦区,福州路379弄19号
上海市,徐汇区,斜土路2181号
上海市,徐汇区,襄阳南路259号
上海市,静安区,万航渡路212弄9号
上海市,徐汇区,陕西南路188弄14号
上海市,浦东区,乳山路108号
上海市,徐汇区,陕西南路271弄
上海市,徐汇区,汾阳路108号
上海市,黄浦区,复兴中路484号
上海市,静安区,南京西路1984弄19号
上海市,徐汇区,清真路77号
上海市,徐汇区,瑞金二路48弄11号
上海市,黄浦区,淡水路89弄14号
上海市,徐汇区,常熟路116弄1号
上海市,黄浦区,福州路614弄
上海市,徐汇区,永康路149号
上海市,长宁区,娄山关路969弄3号
上海市,徐汇区,肇嘉浜路853弄20号
上海市,普陀区,北石路12号
上海市,黄浦区,康定东路33弄27号
上海市,徐汇区,天钥桥路10号
上海市,长宁区,虹桥路1077弄12号
上海市,黄浦区,瞿溪路1072弄34号
上海市,静安区,延安中路913弄89号
上海市,徐汇区,延安西路379弄30号
上海市,徐汇区,建国西路355弄2号
上海市,普陀区,金沙江路875弄2号
上海市,徐汇区,龙华西路31弄36号
上海市,浦东区,齐河路28弄33号
上海市,徐汇区,南丹路333弄24号
上海市,宝山区,长江西路2322号
上海市,徐汇区,零陵路651号
上海市,浦东区,南泉路1300弄19号
上海市,徐汇区,安福路228号
上海市,普陀区,真北支路263弄14号
上海市,静安区,康定路389号
上海市,黄浦区,思南路97号
上海市,静安区,南京西路1173弄
上海市,长宁区,玉屏南路380弄126号
上海市,黄浦区,河南中路259弄10号
上海市,徐汇区,安福路230号
上海市,长宁区,江苏路480弄
上海市,静安区,凤阳路644弄10号
上海市,静安区,虹桥路1041弄5号
上海市,长宁区,武定西路1371弄75号
上海市,浦东区,陈行公路1528号
上海市,徐汇区,小木桥路440弄7号
上海市,黄浦区,南昌路136弄51号
上海市,长宁区,昭化东路200弄4号
上海市,长宁区,天山二村134号
上海市,长宁区,愚园路749弄30号
上海市,静安区,新闸路1388号
上海市,长宁区,长宁路1135弄107号
上海市,徐汇区,龙华西路334弄13号
上海市,长宁区,长宁支路160弄9号
上海市,徐汇区,东安路184号
上海市,徐汇区,大木桥路599弄100号
上海市,浦东区,乳山路200弄33号
上海市,黄浦区,陕西南路63弄3号
上海市,长宁区,愚园路1032弄
上海市,徐汇区,太原路237弄
上海市,黄浦区,马当路278弄85号
上海市,静安区,南京西路591弄174号
上海市,静安区,大沽路256号
上海市,黄浦区,马当路278弄90号
上海市,静安区,凤阳路644弄10号
上海市,徐汇区,安福路275弄13号
上海市,长宁区,新华路569弄9号
上海市,徐汇区,斜土路2582号
上海市,长宁区,延安西路649弄70号
上海市,徐汇区,天平路212弄5号
上海市,长宁区,东诸安邦路165弄
上海市,长宁区,玉屏南路537弄20号
上海市,浦东区,成山路601弄17号
上海市,徐汇区,长乐路920弄3号
上海市,徐汇区,龙华西路31弄21号
上海市,黄浦区,北京西路259号
上海市,徐汇区,南丹路333弄28号
上海市,徐汇区,陕西南路188弄
上海市,长宁区,长宁支路165弄8号
上海市,黄浦区,马当路336弄2号
上海市,徐汇区,高邮路50弄2号
上海市,徐汇区,襄阳南路176号
上海市,杨浦区,打虎山路32号
上海市,黄浦区,淮海中路833弄5号
上海市,长宁区,新华路569弄9号
上海市,静安区,奉贤路306号
上海市,普陀区,曹杨路214弄
上海市,闸北区,芷江西路453弄
上海市,静安区,延安西路379弄26号
上海市,徐汇区,泰安路27弄2号
上海市,黄浦区,南昌路272弄1号
上海市,长宁区,定西路380弄3号
上海市,黄浦区,泰康路276号
上海市,黄浦区,合肥路620号
上海市,徐汇区,襄阳南路306弄
上海市,徐汇区,淮海中路1670弄6号
上海市,徐汇区,永康路175弄15号
上海市,徐汇区,复兴中路1461弄
上海市,徐汇区,永康路38弄62号
上海市,黄浦区,瞿溪路883弄
上海市,徐汇区,瞿溪路1365弄4号
上海市,徐汇区,永福路147弄61号
上海市,静安区,康定路848弄29号
上海市,徐汇区,高安路103号
上海市,长宁区,新华路393弄61号
上海市,静安区,延安中路955弄29号
上海市,徐汇区,兴国路271弄3号
上海市,徐汇区,肇嘉浜路853弄
上海市,徐汇区,肇嘉浜路853弄55支弄1-26号
上海市,长宁区,虹桥路693弄35号
上海市,徐汇区,柿子湾路8弄2号
上海市,长宁区,虹桥路1111弄5号
上海市,长宁区,遵义路740号
上海市,长宁区,宣化路57弄3号
上海市,徐汇区,斜土路2582号
上海市,长宁区,安顺路231弄34号
上海市,徐汇区,虹桥路772弄11号
上海市,静安区,武定路78弄3号
上海市,黄浦区,瑞金二路129弄74号
上海市,黄浦区,长乐路93弄1号
上海市,黄浦区,成都北路140弄59号
上海市,长宁区,愚园路749弄
上海市,静安区,北京西路605弄20号
上海市,黄浦区,宁波路542弄7号
上海市,黄浦区,香山路24号
上海市,黄浦区,四川中路592号
上海市,静安区,成都北路140弄新里59号
上海市,徐汇区,隆安路303号
上海市,静安区,威海路910弄82号
上海市,静安区,威海路910弄77号
上海市,黄浦区,马当路328弄5号
上海市,静安区,陕西北路97弄21号
上海市,静安区,王家沙花苑20号
上海市,静安区,延安中路740号
上海市,徐汇区,高安路78弄3号
上海市,徐汇区,永嘉路172弄3号
上海市,黄浦区,南京东路146弄16号
上海市,静安区,陕西北路119弄21号
上海市,徐汇区,襄阳南路313弄三楼
上海市,黄浦区,泰康路210弄24号
上海市,静安区,延安中路740弄3号
上海市,黄浦区,南昌路159弄
上海市,徐汇区,乌鲁木齐中路148弄2号
上海市,徐汇区,五原87弄9号
上海市,黄浦区,南昌路198弄3号
上海市,黄浦区,江西中路412弄41号
上海市,静安区,陕西北路119弄21号
上海市,徐汇区,永嘉路250弄
上海市,徐汇区,安福路250弄7号
上海市,静安区,陕西北路119弄21号
上海市,黄浦区,长乐路434弄22号
上海市,长宁区,愚园路520弄
上海市,徐汇区,陕西南路39弄
上海市,静安区,梦花街73弄1号
上海市,静安区,常德路545弄46号
上海市,徐汇区,龙水南路96号
上海市,长宁区,华阳路20弄
上海市,徐汇区,龙华中路2373弄12号
上海市,徐汇区,建国西路354弄17号
上海市,黄浦区,思南路115弄1号
上海市,浦东区,浦三路628弄5号
上海市,嘉定区,丰庄西路551弄18号
上海市,徐汇区,康健路55弄3号
上海市,闵行区,平南四村25号
上海市,闵行区,报春路388弄26号
上海市,浦东区,昌里东路190弄17号
上海市,徐汇区,嘉善路169弄26号
上海市,徐汇区,宛平南路34号
上海市,徐汇区,泰安路26号
上海市,普陀区,大渡河路1332弄17号
上海市,长宁区,虹桥路996弄2号
上海市,浦东区,巨峰路667弄91号
上海市,浦东区,东方路81弄7号
上海市,徐汇区,永嘉路695弄
上海市,浦东区,崂山路310路3号
上海市,徐汇区,巨鹿路701弄
上海市,长宁区,东诸安浜路165弄11号
上海市,黄浦区,武定西路1474弄2号
上海市,徐汇区,东安路184弄184号
上海市,长宁区,遵义路800弄20号
上海市,徐汇区,永嘉路291弄79号
上海市,静安区,武定路600弄
上海市,黄浦区,南昌路136弄52号
上海市,徐汇区,宛平南路727号
上海市,静安区,昌化路509弄6号
上海市,徐汇区,宜山路250弄23号
上海市,徐汇区,襄阳南路306弄43号
上海市,徐汇区,天平路51弄23号
上海市,黄浦区,陕西南路287弄41号
上海市,徐汇区,复兴中路1363弄6号
上海市,黄浦区,重庆南路205弄12号
上海市,徐汇区,建国西路358弄7号
上海市,徐汇区,宜山路250弄22号
上海市,黄浦区,江西中路473弄473号
上海市,静安区,长宁路155弄30号
上海市,徐汇区,高安路100弄4号
上海市,静安区,长乐路764弄13号
上海市,静安区,长乐路764弄13号
上海市,长宁区,愚园路1032弄2
上海市,黄浦区,永嘉路19弄4号
上海市,黄浦区,绍兴路36弄2号
上海市,浦东区,崂山三村38号
上海市,徐汇区,中山西路1788弄21号
上海市,静安区,华山路351弄10号
上海市,黄浦区,长乐路401弄6号
上海市,徐汇区,中山南二路988弄99号
上海市,黄浦区,巨鹿路393弄4号
上海市,浦东区,潍坊路140弄15号
上海市,静安区,华山路7534号
上海市,黄浦区,淡水路248号
上海市,长宁区,古北路路371弄2号
上海市,黄浦区,淮海中路925弄14号
上海市,长宁区,安化路183弄1号
上海市,徐汇区,宜山路250弄25号
上海市,长宁区,江苏北路111弄52号
上海市,静安区,威海路910弄82号
上海市,静安区,延安中路955弄33号
上海市,徐汇区,淮海中路1487弄
上海市,黄浦区,成都南路132弄15号
上海市,浦东区,乳山路315号
上海市,黄浦区,成都南路132弄15号
上海市,徐汇区,肇嘉浜路669弄4号
上海市,徐汇区,永康路141弄7号
上海市,徐汇区,兴国路230弄
上海市,静安区,北京西路605弄30号
上海市,静安区,陕西北路815弄30号
上海市,徐汇区,汾阳路9弄15号
上海市,浦东区,蓝村路470弄47号
上海市,长宁区,虹桥路1167弄6号
上海市,徐汇区,龙华路2373弄12号
上海市,静安区,愚园路1032弄
上海市,长宁区,天山路760弄10号
上海市,长宁区,长宁路209弄33号
上海市,长宁区,虹桥路996弄9号
上海市,黄浦区,永嘉路39弄6号
上海市,静安区,延安中路740弄31号
上海市,黄浦区,永嘉路39弄2号
上海市,徐汇区,陕西南路370弄
上海市,静安区,延平路220弄9号
上海市,黄浦区,瑞金二路380号
上海市,徐汇区,虹桥路693弄8号
上海市,黄浦区,浙江中路433号
上海市,徐汇区,建国西路506弄500号
上海市,静安区,北京西路605弄30号
上海市,静安区,万航渡路249弄28号
上海市,静安区,愚园路532弄60号
上海市,静安区,愚园路532弄60号
上海市,徐汇区,永嘉路288弄3号
上海市,徐汇区,乌鲁木齐中路148弄
上海市,静安区,北京西路605弄30号
上海市,黄浦区,合肥路620号
上海市,徐汇区,永康路38弄18号
上海市,静安区,愚园路361弄84号
上海市,黄浦区,淮海中路613弄28号
上海市,长宁区,泰安路125弄
上海市,静安区,延安中路913弄11号
上海市,徐汇区,兴国路370号
上海市,徐汇区,高安路69弄12号
上海市,徐汇区,安福路255弄
上海市,徐汇区,安福路229弄
上海市,徐汇区,湖南路311弄
上海市,徐汇区,新华路294弄
上海市,徐汇区,东安四村32号
上海市,徐汇区,复兴中路1315弄5号
上海市,静安区,陕西北路535弄31号
上海市,黄浦区,方浜西路63弄
上海市,黄浦区,巨鹿路244弄25号
上海市,黄浦区,淮海中路449479号
上海市,徐汇区,高安路60号
上海市,静安区,新闸路1124弄19号
上海市,长宁区,延安西路1740弄26号
上海市,黄浦区,淮海中路885号
上海市,徐汇区,湖南路266号
上海市,长宁区,新华路569弄106支弄8号
上海市,徐汇区,复兴西路82弄2号
上海市,静安区,兴安路149号
上海市,黄浦区,威海路190弄6号
上海市,静安区,南京西路591弄111号
上海市,徐汇区,永福路131弄2号
上海市,徐汇区,徐虹北路28弄2号
上海市,静安区,延安中路740号
上海市,静安区,愚园路361弄19号
上海市,徐汇区,复兴中路1295弄34号
上海市,黄浦区,重庆南路39弄4号
上海市,徐汇区,瑞金二路258号
上海市,长宁区,西诸安浜路435弄9号
上海市,黄浦区,南昌路100弄8号
上海市,徐汇区,宜山路12弄2号
上海市,徐汇区,乌鲁木齐中路361号
上海市,徐汇区,安福路乌鲁木齐中路
上海市,静安区,延安中路877弄13号
上海市,徐汇区,常熟路188弄
上海市,黄浦区,南昌路100弄8号
上海市,黄浦区,打浦路316弄25号
上海市,徐汇区,嘉善路101弄18号
上海市,静安区,延安中路877号
上海市,长宁区,武夷路519弄53号
上海市,徐汇区,秀山路15弄1号
上海市,徐汇区,黄石路169弄7号
上海市,徐汇区,中山南二路960弄2号
上海市,黄浦区,皋兰路29号
上海市,徐汇区,襄阳南路452弄
上海市,黄浦区,瑞金二路410弄11号
上海市,长宁区,长宁支路310弄
上海市,长宁区,长宁路396弄29号
上海市,徐汇区,虹桥路222号
上海市,静安区,北京西路605弄30号
上海市,黄浦区,南昌路147号
上海市,徐汇区,高安路621号
上海市,徐汇区,秀山路15弄3号
上海市,长宁区,天山二村128号
上海市,黄浦区,进贤路148弄2号
上海市,长宁区,虹桥路1115弄75号
上海市,黄浦区,肇周路332弄13号
上海市,黄浦区,茂民南路133弄18号
上海市,长宁区,愚园路805弄22号
上海市,徐汇区,永嘉路25弄
上海市,长宁区,愚园路749弄30号
上海市,长宁区,天山路760弄10号
上海市,黄浦区,成都北路262弄102号
上海市,长宁区,延安西路649弄60号
上海市,长宁区,长宁路396弄19号
上海市,徐汇区,高安路18弄6号
上海市,静安区,常熟路116弄10号
上海市,静安区,常熟路228弄
上海市,黄浦区,江西中路473弄473号
上海市,静安区,新闸路1990弄1号
上海市,黄浦区,绍兴路52弄0号
上海市,静安区,长乐路942弄4号
上海市,黄浦区,江西中路473弄1号
上海市,徐汇区,永康路142弄44号
上海市,黄浦区,淡水路227弄1号
上海市,浦东区,乳山路161弄82号
上海市,徐汇区,太原路305弄5号
上海市,黄浦区,淮海中路670弄
上海市,静安区,陕西北路119弄21号
上海市,长宁区,泰安路120弄18号
上海市,徐汇区,武康路280弄51号
上海市,徐汇区,襄阳北路72弄
上海市,长宁区,万航渡路1523弄5号
上海市,长宁区,延安西路649弄65号
上海市,徐汇区,建国西路395弄
上海市,黄浦区,雁荡路55弄8号
上海市,黄浦区,思南路97弄2号
上海市,长宁区,武夷路491弄58号
上海市,静安区,富民路197弄65号
上海市,黄浦区,瑞金二路52弄2号
上海市,静安区,巨鹿路383弄2号
上海市,长宁区,镇宁路405弄160号
上海市,徐汇区,柿子湾路8弄6号
上海市,徐汇区,高安路100弄9号
上海市,黄浦区,淮海中路613弄8号
上海市,徐汇区,五原路191号
上海市,徐汇区,长乐路682弄24号
上海市,徐汇区,岳阳路79弄19号
上海市,徐汇区,太原路181弄2号
上海市,黄浦区,马当路334弄334号
上海市,黄浦区,打浦路316弄34号
上海市,徐汇区,复兴中路1315弄4号
上海市,普陀区,子长路77弄13号
上海市,徐汇区,高安路69弄12号
上海市,长宁区,安化路470弄7号
上海市,黄浦区,建国西路56弄9号
上海市,杨浦区,民星路340弄
上海市,黄浦区,南京西路455弄
上海市,黄浦区,南昌路196弄3号
上海市,静安区,太和坊33弄25号
上海市,静安区,北京西路605弄10号
上海市,徐汇区,衡山路300弄5号
上海市,黄浦区,合肥路620号
上海市,静安区,延安中路913弄29号
上海市,静安区,延安中路877弄6号
上海市,黄浦区,重庆南路205弄40号
上海市,静安区,延安中路613弄29号
上海市,长宁区,愚园路1355弄23号
上海市,徐汇区,巨鹿路786弄7号
上海市,静安区,长乐路637弄12号
上海市,徐汇区,永嘉路39弄
上海市,徐汇区,安福路191弄21号
上海市,徐汇区,襄阳北路100号
上海市,静安区,陕西北路119弄88号
上海市,徐汇区,华山路413号
上海市,徐汇区,零陵路57号
上海市,长宁区,万航渡路564号
上海市,闵行区,虹桥路2222弄94号
上海市,静安区,华山路413号
上海市,长宁区,江苏路186弄
上海市,长宁区,江苏路256弄
上海市,徐汇区,淮海中路899弄42号
上海市,徐汇区,瑞金一路121弄36号
上海市,静安区,石门一路49弄
上海市,徐汇区,泰安路120弄
上海市,静安区,余姚路487弄15号
上海市,黄浦区,瑞金二路129弄97号
上海市,徐汇区,建国西路316弄8号
上海市,黄浦区,江西中路34弄
上海市,静安区,万航渡路239弄21号
上海市,徐汇区,乌鲁木齐南路396弄11号
上海市,静安区,南京西路1213弄82号
上海市,徐汇区,泰安路36号
上海市,徐汇区,淮海中路1412弄19号
上海市,静安区,胶州路293弄4号
上海市,黄浦区,淮海中路584弄5号
上海市,浦东区,浦电路331弄21号
上海市,黄浦区,瑞金二路348弄
上海市,浦东区,南泉北路316号
上海市,静安区,长宁路209弄
上海市,静安区,巨鹿路244弄25号
上海市,黄浦区,南京西路5号
上海市,徐汇区,医学院路54弄8号
上海市,长宁区,武夷路772弄2号
上海市,静安区,延平路237弄20号
上海市,黄浦区,淮海中路567弄1号
上海市,长宁区,延安西路1264弄5号
上海市,徐汇区,乌鲁木齐中路261弄5号
上海市,徐汇区,虹桥路693弄
上海市,长宁区,长宁路396弄89号
上海市,长宁区,定西路420弄2号
上海市,静安区,延安中路930弄43号
上海市,徐汇区,斜土路2590弄11号
上海市,徐汇区,宛平南路485弄1号
上海市,静安区,愚园路611弄
上海市,徐汇区,斜土路1480弄86号
上海市,徐汇区,常熟路228弄1号
上海市,静安区,康定路万春街2号
上海市,静安区,富民路255弄7号
上海市,徐汇区,乌鲁木齐中路276弄
上海市,徐汇区,永嘉路291弄49号
上海市,长宁区,长宁路396弄55号
上海市,长宁区,凯旋路118弄118号
上海市,静安区,北京西路605弄30号
上海市,长宁区,华阳路217号
上海市,长宁区,定西路399号
上海市,黄浦区,淮海中路899弄14号
上海市,徐汇区,中漕路38弄13号
上海市,徐汇区,永嘉路277弄路2号
上海市,静安区,南京西路1081弄61号
上海市,静安区,常德路587弄8号
上海市,黄浦区,瑞金二路24号
上海市,静安区,北京西路1110弄
上海市,徐汇区,武康路8弄
上海市,长宁区,江苏路78弄49号
上海市,徐汇区,田林十二村39号
上海市,静安区,康定路418弄6号
上海市,黄浦区,瑞金一路118弄
上海市,徐汇区,永康路142弄22号
上海市,静安区,延安中路877弄6号
上海市,徐汇区,复兴西路65弄
上海市,徐汇区,宛平南路431弄2号
上海市,黄浦区,永嘉路19弄4号
上海市,徐汇区,五原路252弄15号
上海市,徐汇区,乌鲁木齐中路243号
上海市,徐汇区,嘉善路236弄2号
上海市,长宁区,新华路393弄71号
上海市,徐汇区,复兴中路1232弄9号
上海市,黄浦区,南昌路196弄4号
上海市,徐汇区,高安路9弄
上海市,徐汇区,肇嘉浜路193弄
上海市,徐汇区,番禺路800弄6号
上海市,徐汇区,五原路252弄14号
上海市,徐汇区,建国西路316弄38号
上海市,徐汇区,瑞金二路70弄30号
上海市,徐汇区,长乐路169弄69号
上海市,静安区,常德路954弄2号
上海市,黄浦区,瑞金二路40弄
上海市,静安区,巨鹿路861弄4楼
上海市,静安区,愚园路361弄愚谷邨
上海市,徐汇区,太原路63弄85号
上海市,长宁区,安西路260弄1号
上海市,徐汇区,新乐路59号
上海市,浦东区,潍坊路335弄2支弄17号
上海市,黄浦区,淡水路356弄
上海市,黄浦区,雁荡路55弄
上海市,静安区,陕西北路119弄3号
上海市,徐汇区,襄阳南路452弄149号
上海市,黄浦区,威海路12弄16号
上海市,徐汇区,乌鲁木齐中路148弄4号
上海市,徐汇区,淮海中路613弄60号
上海市,徐汇区,永嘉路356弄12号
上海市,黄浦区,雁荡路56弄26号
上海市,黄浦区,淮海中路613弄30号
上海市,徐汇区,长乐路169弄69号
上海市,徐汇区,乌鲁木齐中路270弄
上海市,静安区,陕西北路119弄21号
上海市,黄浦区,淮海中路593弄5号
上海市,徐汇区,襄阳南路100弄98号
上海市,徐汇区,五原路84弄4号
上海市,黄浦区,淮海中路833弄13号
上海市,黄浦区,绍兴路96弄10号
上海市,徐汇区,中山西路1788弄2号
上海市,静安区,新闸路1124弄19号
上海市,徐汇区,建国西路354弄15号
上海市,徐汇区,绍兴路36弄
上海市,徐汇区,绍兴路36弄9号
上海市,徐汇区,武康路391弄3号
上海市,徐汇区,龙华路3166弄3号
上海市,徐汇区,龙华路3166弄31号
上海市,徐汇区,建国西路655号
上海市,长宁区,武夷路207弄
上海市,长宁区,番禺路180弄
上海市,徐汇区,华山路847弄1号
上海市,徐汇区,永嘉路277弄2号
上海市,徐汇区,太原路50弄1号
上海市,长宁区,虹桥路1115弄71号
上海市,静安区,新闸路1316弄
上海市,长宁区,愚园路1407弄18号
上海市,徐汇区,武康路391弄2号
上海市,宝山区,乾溪路51弄18号
上海市,徐汇区,复兴西路30弄
上海市,徐汇区,法华镇路751弄8号
上海市,静安区,巨鹿路391弄
上海市,徐汇区,康平路95弄1号
上海市,长宁区,延安西路1264弄10号
上海市,徐汇区,华山路413号
上海市,静安区,延安中路504号
上海市,静安区,武定路78弄
上海市,静安区,华山路413号
上海市,徐汇区,延庆路54弄
上海市,静安区,延安西路613弄29号
上海市,徐汇区,肇嘉浜路669弄4号
上海市,静安区,常德路587弄10号
上海市,静安区,南京西路168号
上海市,黄浦区,长乐路434弄28号
上海市,徐汇区,安福路223号
上海市,徐汇区,复兴中路1363弄1号
上海市,黄浦区,瑞金二路24号
上海市,黄浦区,瑞金二路24号
上海市,徐汇区,太原路233弄233号
上海市,徐汇区,茶陵路75弄6号
上海市,长宁区,江苏路502弄14号
上海市,长宁区,玉屏南路110弄6号
上海市,静安区,巨鹿路391弄6号
上海市,徐汇区,华亭路31弄4号
上海市,徐汇区,衡山路696弄7号
上海市,徐汇区,襄阳南路176弄
上海市,黄浦区,淮海中路668弄
上海市,浦东区,潍坊七村749号
上海市,徐汇区,永嘉路356弄2号
上海市,徐汇区,建国西路695弄6号
上海市,黄浦区,重庆南路179弄10号
上海市,黄浦区,汉口路429弄1号
上海市,长宁区,玉屏南路560弄7号
上海市,徐汇区,永嘉路525号
上海市,静安区,愚园路608弄
上海市,长宁区,长宁路209弄13号
上海市,长宁区,法华镇路660弄15号
上海市,静安区,延安中路877弄21号
上海市,徐汇区,嘉善140弄10号
上海市,徐汇区,延庆路12号
上海市,徐汇区,延庆路123弄12号
上海市,徐汇区,天平路179弄
上海市,长宁区,武夷路9号
上海市,徐汇区,永康路142弄23号
上海市,徐汇区,永康路109弄
上海市,静安区,康定东路3弄
上海市,徐汇区,南丹路128弄1号
上海市,徐汇区,五原路210弄4号
上海市,静安区,威海路888弄2号
上海市,徐汇区,复兴中路1295弄57号
上海市,徐汇区,陕西南路370弄
上海市,徐汇区,太原路233弄
上海市,长宁区,愚园路1361弄
上海市,徐汇区,太原路233号
上海市,徐汇区,海海中路1487弄
上海市,静安区,万航渡路212弄
上海市,静安区,巨鹿路588弄
上海市,静安区,巨鹿路616号
上海市,静安区,威海路590弄
上海市,静安区,万航渡路238弄1号
上海市,静安区,巨鹿703弄11号
上海市,静安区,华山路734号
上海市,徐汇区,乌鲁木齐南路63弄
上海市,长宁区,兴国路244弄
上海市,长宁区,虹梅路3818弄
上海市,静安区,富民路51弄
上海市,徐汇区,安福路163号
上海市,徐汇区,安福路163号
上海市,徐汇区,五原路252弄14号
上海市,徐汇区,陕西南路534弄
上海市,静安区,南京西路591弄107号
上海市,静安区,陕西北路1249弄
上海市,徐汇区,安福路255弄3号
上海市,静安区,北京西路1400弄4号
上海市,黄浦区,淮海中路15号
上海市,长宁区,安西路660号
上海市,普陀区,清峪路81弄139号
上海市,徐汇区,宛平路10弄14号
上海市,静安区,威海路910弄100号
上海市,徐汇区,高安路82弄5号
上海市,静安区,华山路283号
上海市,徐汇区,长乐路637弄12号
上海市,黄浦区,汉口路1号
上海市,徐汇区,泰安路27弄4号
上海市,长宁区,昭化路60弄9号
上海市,长宁区,番禺路323号
上海市,黄浦区,瑞金二路24号
上海市,浦东区,梅花路180弄11号
上海市,徐汇区,襄阳南路452弄123号
上海市,长宁区,法华镇路150弄10号
上海市,黄浦区,瑞金二路24号
上海市,徐汇区,永嘉路525号
上海市,徐汇区,复兴中路1295弄9号
上海市,徐汇区,汾阳路9弄14号
上海市,徐汇区,中漕路38弄8号
上海市,徐汇区,天平路139号
上海市,长宁区,镇宁路545弄106号
上海市,黄浦区,延安中路545弄6号
上海市,黄浦区,巨鹿395弄5号
上海市,黄浦区,瑞金二路40弄1号
上海市,徐汇区,襄阳南路510弄6号
上海市,徐汇区,安福路249弄3号
上海市,静安区,常熟路100弄
上海市,静安区,延安中路740弄45号
上海市,徐汇区,永嘉路291弄82号
上海市,黄浦区,重庆南路24号
上海市,徐汇区,瑞金二路129弄6号
上海市,徐汇区,丰谷路205弄17号
上海市,徐汇区,长乐路613弄8号
上海市,静安区,常德路633弄10号
上海市,徐汇区,长乐路613弄8号
上海市,徐汇区,安福路221弄1号
上海市,浦东区,乳山路200弄33号
上海市,徐汇区,长乐路613弄
上海市,长宁区,天山四村137号
上海市,静安区,延安西路913弄
上海市,黄浦区,淡水路214弄98号
上海市,静安区,愚园路488弄21号
上海市,徐汇区,延庆路29弄5号
上海市,徐汇区,长乐路613弄8号
上海市,徐汇区,长乐路613弄
上海市,长宁区,安顺路240弄4号
上海市,徐汇区,长乐路613弄8号
上海市,静安区,康定东路63弄8号
上海市,静安区,余姚路180弄9号
上海市,徐汇区,乌鲁木齐中路261弄5号
上海市,静安区,陕西北路470弄21号
上海市,徐汇区,岳阳路200弄18号
上海市,长宁区,昭化路55弄3号
上海市,徐汇区,安福路211弄1号
上海市,徐汇区,襄阳南路499弄
上海市,徐汇区,新乐路58弄二号
上海市,徐汇区,零陵路411弄
上海市,黄浦区,长乐路169弄26号
上海市,黄浦区,福建中路112弄4号
上海市,静安区,胶州路293弄4号
上海市,徐汇区,武康路216弄216号
上海市,静安区,延安中路913弄103号
上海市,徐汇区,肇嘉浜路193弄18号
上海市,徐汇区,巨鹿路588弄9号
上海市,徐汇区,巨鹿路393弄
上海市,徐汇区,永嘉路291弄85号
上海市,徐汇区,长乐路613弄1号
上海市,长宁区,愚园路1362号
上海市,徐汇区,肇嘉浜路193弄15号
上海市,徐汇区,番禺路1170弄2号
上海市,徐汇区,肇家浜路45号
上海市,黄浦区,进贤路202弄4号
上海市,静安区,富民路197弄22号
上海市,徐汇区,建国西路355弄4号
上海市,徐汇区,衡山路696弄4号
上海市,黄浦区,淮海中路613弄59号
上海市,静安区,新闸路1990弄
上海市,静安区,茂名北路69号
上海市,徐汇区,永嘉路580弄3号
上海市,黄浦区,重庆南路205弄44号
上海市,徐汇区,淮海中路1412弄25号
上海市,黄浦区,南昌路136弄
上海市,徐汇区,复兴中路1218弄甲支弄1号
上海市,徐汇区,复兴中路1218弄甲支弄1号
上海市,长宁区,中山西路1030弄46号
上海市,徐汇区,嘉善路169弄12号
上海市,徐汇区,华山路736号
上海市,徐汇区,淮海中路1270弄
上海市,徐汇区,乌鲁木齐中路261弄
上海市,徐汇区,五原路77弄9号
上海市,虹口区,四平路421弄108号
上海市,黄浦区,淮海中路1200弄5号
上海市,静安区,南京西路1213弄92号
上海市,徐汇区,五原路252弄1401号
上海市,静安区,富民路225弄
上海市,徐汇区,岳阳路77弄1号
上海市,徐汇区,太原路64弄1号
上海市,徐汇区,汾阳路9弄14号
上海市,静安区,威海路910弄38号
上海市,黄浦区,炎虹路76弄13号
上海市,黄浦区,黄陂南路596弄42号
上海市,徐汇区,陕西南路582弄30号
上海市,静安区,长乐路764弄
上海市,徐汇区,陕西南路181号
上海市,静安区,余姚路180弄9号
上海市,黄浦区,南昌路100弄7号
上海市,徐汇区,复兴中路1350弄2号
上海市,静安区,富民路22弄7号
上海市,静安区,北京西路1192弄9号
上海市,静安区,北京西路1125号
上海市,长宁区,华山路1220弄16号
上海市,徐汇区,武康路97号
上海市,长宁区,镇宁路545弄48号
上海市,静安区,康定路716弄3号
上海市,静安区,延平路220弄9号
上海市,徐汇区,虹桥路693弄26号
上海市,长宁区,延安西路1453弄2号
上海市,徐汇区,复兴中路553弄55号
上海市,静安区,长乐路764弄28号
上海市,静安区,大沽路541号
上海市,黄浦区,瑞金二路410弄9号
上海市,黄浦区,巨鹿路383弄24号
上海市,长宁区,镇宁路465弄
上海市,黄浦区,瑞金二路225弄
上海市,徐汇区,永嘉路300弄14号
上海市,徐汇区,长乐路1222号
上海市,静安区,万航渡路393弄
上海市,黄浦区,延安中路527弄
上海市,徐汇区,复兴西路201弄7号
上海市,黄浦区,瑞金二路52弄2号
上海市,黄浦区,合肥路269弄1号
上海市,长宁区,天山路1890弄31号
上海市,长宁区,长宁路712弄96号
上海市,长宁区,安西路320弄
上海市,徐汇区,淮海中路1412弄30号
上海市,黄浦区,思南路82弄
上海市,徐汇区,延庆路96弄5号
上海市,徐汇区,建国西路316弄6号
上海市,徐汇区,复兴中路1315弄4号
上海市,徐汇区,淮海中路1412弄25号
上海市,长宁区,长宁路73弄10号
上海市,静安区,延平路220弄9号
上海市,静安区,南京西路1025弄45号
上海市,静安区,奉贤路68弄50号
上海市,徐汇区,襄阳北44弄5号
上海市,静安区,富民路255弄4号
上海市,徐汇区,襄阳南路357弄40号
上海市,徐汇区,安福路
上海市,长宁区,长宁路155弄46号
上海市,长宁区,延安西路1782弄
上海市,徐汇区,乌鲁木齐中路280弄26号
上海市,徐汇区,永嘉路295号
上海市,徐汇区,建国西路1号
上海市,静安区,延安中路504弄26号
上海市,长宁区,愚园路1249弄19号
上海市,徐汇区,复兴中路1275弄1275号
上海市,黄浦区,延安中路545弄113号
上海市,徐汇区,复兴中路1315弄4号
上海市,徐汇区,襄阳北路44弄1号
上海市,长宁区,番禺路305弄3号
上海市,徐汇区,襄阳北路44弄1号
上海市,徐汇区,高安路102号
上海市,徐汇区,医学院路5弄7号
上海市,静安区,北京西路1400弄
上海市,徐汇区,衡山路696弄1号
上海市,静安区,成都北路262弄130号
上海市,浦东区,商城路417号
上海市,黄浦区,绍兴路90号
上海市,徐汇区,永康路165号
上海市,徐汇区,襄阳南路352弄5号
上海市,徐汇区,南昌路615弄11号
上海市,徐汇区,太原路311弄
上海市,黄浦区,合肥路117弄
上海市,徐汇区,襄阳北路44弄
上海市,徐汇区,嘉善路101弄1号
上海市,黄浦区,陕西南路83弄12号
上海市,徐汇区,嘉善路140弄19号
上海市,静安区,延安中路740弄20号
上海市,徐汇区,嘉善路143弄
上海市,徐汇区,嘉善路143弄6号
上海市,徐汇区,吴兴路21弄1号
上海市,徐汇区,永福路147弄57
上海市,黄浦区,建国西路56弄35号
上海市,徐汇区,嘉善路169弄16号
上海市,徐汇区,兴国路151弄1号
上海市,徐汇区,嘉善路6号
上海市,黄浦区,老重庆中路64弄1楼
上海市,黄浦区,重庆南路205弄40号
上海市,黄浦区,马当路301弄27号
上海市,徐汇区,永福路147弄55号
上海市,徐汇区,襄阳北路1号
上海市,黄浦区,江西中路58号
上海市,徐汇区,天平路222弄19号
上海市,浦东区,潍坊路739号
上海市,静安区,巨鹿路786弄1号
上海市,徐汇区,高邮路5弄10号
上海市,黄浦区,淡水路89弄
上海市,静安区,愚园路601号
上海市,静安区,愚园路608弄142号
上海市,徐汇区,常熟路228弄12号
上海市,长宁区,武夷路355弄3号
上海市,长宁区,江苏路82弄89号
上海市,静安区,常德路633弄116号
上海市,长宁区,延安西路1453弄6号
上海市,静安区,威海路656号
上海市,静安区,南京西路1025弄4号
上海市,黄浦区,淮海中路613弄
上海市,徐汇区,延庆路11弄4号
上海市,徐汇区,永嘉路291弄37号
上海市,黄浦区,茂名南路167弄17号
上海市,黄浦区,淮海中路526弄68号
上海市,徐汇区,永福路147弄57号
上海市,徐汇区,太原路181弄2号
上海市,徐汇区,康平路207弄
上海市,徐汇区,宜山路52号
上海市,徐汇区,太原路4弄1号
上海市,浦东区,巨峰路667弄91号
上海市,徐汇区,瑞金二路24号
上海市,黄浦区,茂茗南路142弄
上海市,长宁区,愚园路1407弄24号
上海市,徐汇区,建国西路619弄19号
上海市,静安区,奉贤路198号
上海市,徐汇区,汾阳路64弄3号
上海市,静安区,胶州路273弄52号
上海市,徐汇区,乌鲁木齐南路396弄12号
上海市,徐汇区,长乐路672弄
上海市,静安区,安远路899弄72号
上海市,黄浦区,瑞金二路198弄23号
上海市,徐汇区,襄阳南路439号
上海市,徐汇区,天平路91弄1号
上海市,徐汇区,医学院路110弄16号
上海市,徐汇区,安福路249弄8号
上海市,徐汇区,建国西路355弄10号
上海市,静安区,延安中路955弄57号
上海市,徐汇区,茂名南路124号
上海市,黄浦区,炎虹路76弄13号
上海市,黄浦区,成都南路99弄5号
上海市,徐汇区,永康路157弄1号
上海市,徐汇区,高安路82弄4号
上海市,徐汇区,淮海中路1493号
上海市,黄浦区,淡水路214弄22号
上海市,徐汇区,陕西北路271弄5号
上海市,黄浦区,南昌路222号
上海市,黄浦区,重庆南路163弄2号
上海市,静安区,大沽路541号
上海市,徐汇区,岳阳路77弄8号
上海市,静安区,万航渡路233弄23号
上海市,长宁区,新华路569弄106支弄13号
上海市,徐汇区,茂名南路169弄5号
上海市,徐汇区,天平路91弄28号
上海市,静安区,延安中路877弄1号
上海市,徐汇区,襄阳北路70弄
上海市,静安区,陕西南路25弄11号
上海市,静安区,延安中路504弄
上海市,静安区,威海路12弄42号
上海市,静安区,陕西北路798号
上海市,静安区,武定路540弄6号
上海市,静安区,富民路197弄37号
上海市,徐汇区,新乐路143弄2号
上海市,徐汇区,新乐路44弄
上海市,长宁区,愚园路749弄26号
上海市,静安区,延平路237弄18号
上海市,静安区,威海路910弄9号
上海市,静安区,康定路863弄
上海市,杨浦区,彰武路53号
上海市,徐汇区,淮海中路1610弄5号
上海市,徐汇区,复兴中路1294弄22号
上海市,徐汇区,襄阳南路357弄16号
上海市,黄浦区,长乐路169弄42号
上海市,徐汇区,钦州路785弄7号
上海市,静安区,延安中路877弄6号
上海市,静安区,巨鹿路697弄3号
上海市,长宁区,虹桥路996弄61号
上海市,黄浦区,建国中路26号
上海市,静安区,康定路1299弄23号
上海市,徐汇区,复兴中路1363弄3号
上海市,长宁区,泰安路90弄
上海市,静安区,南京西路1213弄3号
上海市,静安区,南京西路1025弄9号
上海市,静安区,成都北路262弄130号
上海市,徐汇区,永嘉路394弄1号
上海市,徐汇区,永福路147弄55
上海市,徐汇区,永康路157号
上海市,徐汇区,巨鹿路820弄54号
上海市,长宁区,伊犁路110弄1号
上海市,徐汇区,乌鲁木齐南路149弄
上海市,黄浦区,淮海中路899弄35号
上海市,徐汇区,法华镇路878弄6号
上海市,静安区,北京西路1192弄
上海市,徐汇区,襄阳南路388弄
上海市,黄浦区,淮海中路494弄
上海市,徐汇区,襄阳南路352弄
上海市,徐汇区,淮海中路2048弄2号
上海市,长宁区,江苏路82弄89号
上海市,静安区,愚园路53号
上海市,徐汇区,淮海中路1487弄1号
上海市,徐汇区,乌鲁木齐南路396弄甲支弄2号
上海市,徐汇区,永嘉路靠近安亭路
上海市,静安区,南京西路1213弄2号
上海市,黄浦区,滇池路110号
上海市,徐汇区,东湖路56弄53号
上海市,徐汇区,康平路203弄2号
上海市,徐汇区,襄阳南路499弄14号
上海市,徐汇区,茂名南路133弄14号
上海市,徐汇区,瑞金一路148弄2号
上海市,静安区,陕西北路2132弄3号
上海市,长宁区,番禺路293弄30号
上海市,黄浦区,局门路361弄1号
上海市,徐汇区,高安路100弄4号
上海市,徐汇区,淮海中路1270弄25号
上海市,长宁区,愚园路483弄24号
上海市,长宁区,利西路47弄
上海市,黄浦区,复兴路1248弄2号
上海市,徐汇区,永福路147弄57号
上海市,静安区,陕西北路119弄6号
上海市,静安区,南京西路1213弄
上海市,徐汇区,吴兴路24弄
上海市,静安区,长乐路764弄22号
上海市,静安区,陕西北路119弄6号
上海市,浦东区,齐河路259弄35号
上海市,徐汇区,永嘉路385弄
上海市,长宁区,番禺路213号
上海市,长宁区,武夷路355弄3号
上海市,黄浦区,淡水路214弄
上海市,静安区,愚园路483弄24号
上海市,徐汇区,南昌路110弄9号
上海市,静安区,富民路197弄65号
上海市,徐汇区,襄阳南路352弄7号
上海市,长宁区,伊犁路146弄2号
上海市,徐汇区,延安西路649弄90号
上海市,静安区,常德路519弄7号
上海市,静安区,陕西北路119弄21号
上海市,徐汇区,复兴中路1218弄10号
上海市,徐汇区,复兴中路1232弄
上海市,静安区,延安中路740弄20号
上海市,静安区,威海路590弄4号
上海市,徐汇区,太原路18弄5号
上海市,静安区,铜仁路90弄9号
上海市,徐汇区,复兴中路1317弄
上海市,徐汇区,太原路18弄2号
上海市,徐汇区,长乐路339弄
上海市,徐汇区,天平路91弄4号
上海市,静安区,富民路61弄
上海市,静安区,长乐路698弄
上海市,长宁区,新华路261弄4号
上海市,静安区,巨鹿路703弄8号
上海市,徐汇区,复兴西路18号
上海市,黄浦区,巨鹿路393弄1号
上海市,静安区,富民路
上海市,徐汇区,岳阳路77弄13号
上海市,徐汇区,天平路91弄2号
上海市,长宁区,愚园路1088弄119号
上海市,徐汇区,襄阳北路70弄2号
上海市,静安区,愚园路381弄
上海市,长宁区,番禺路293弄
上海市,黄浦区,南昌路278弄4号
上海市,徐汇区,汾阳路9弄14号
上海市,静安区,新闸路1911弄1号
上海市,黄浦区,马当路306弄55号
上海市,徐汇区,天平路91弄28号
上海市,徐汇区,延庆路51弄21号
上海市,长宁区,万航渡路1486弄25号
上海市,黄浦区,贵州路127号
上海市,黄浦区,瑞金二路129弄83号
上海市,黄浦区,南昌路212弄
上海市,静安区,延安中路470弄
上海市,徐汇区,复兴中路1295弄37号
上海市,长宁区,泰安路76弄
上海市,徐汇区,复兴中路1295弄36号
上海市,徐汇区,嘉善路101弄46号
上海市,长宁区,东诸安浜路165弄20号
上海市,静安区,延安中路877弄1号
上海市,静安区,万航渡路269弄
上海市,长宁区,东诸安浜路165弄14号
上海市,徐汇区,常熟路228弄7号
上海市,徐汇区,泰安路109弄1号
上海市,徐汇区,天平路288弄28号
上海市,黄浦区,淮海中路833弄12号
上海市,徐汇区,淮海中路613弄8号
上海市,徐汇区,嘉善路169弄25号
上海市,黄浦区,瑞金二路24号
上海市,徐汇区,陕西南路186弄21号
上海市,静安区,富民路164弄7号
上海市,徐汇区,延庆路29弄19号
上海市,黄浦区,黄陂南路596弄11号
上海市,徐汇区,永康路38弄18号
上海市,徐汇区,襄阳北路70弄11号
上海市,徐汇区,嘉善路101弄
上海市,徐汇区,嘉善路101弄36号
上海市,徐汇区,巨鹿路266号
上海市,长宁区,长宁支路318弄4号
上海市,长宁区,愚园路1362弄亨昌里
上海市,徐汇区,瑞金二路129弄50号
上海市,徐汇区,巨鹿路516弄
上海市,长宁区,法华镇路660弄25号
上海市,徐汇区,建国西路611号
上海市,徐汇区,长乐路1121弄2号
上海市,徐汇区,思南路97弄
上海市,长宁区,法华镇路363弄2号
上海市,黄浦区,急租南京西路450弄
上海市,徐汇区,五原路84弄13号
上海市,黄浦区,合肥路376弄1号
上海市,静安区,万春街63弄33支弄3号
上海市,徐汇区,天平路288弄17号
上海市,黄浦区,瑞金二路225弄14号
上海市,徐汇区,襄阳南路7号
上海市,徐汇区,茂名南路163号
上海市,黄浦区,复兴中路553弄42号
上海市,徐汇区,襄阳北路22弄
上海市,长宁区,江苏北路105弄3号
上海市,徐汇区,淮海中路1610弄5号
上海市,静安区,武定坊
上海市,徐汇区,瑞金二路312号
上海市,静安区,襄阳北路22弄20号
上海市,徐汇区,建国西路384弄2号
上海市,黄浦区,陕西南路287弄
上海市,黄浦区,马当路301弄21号
上海市,徐汇区,淮海中路1200弄6号
上海市,徐汇区,武康路280弄48号
上海市,长宁区,昭化东路82弄5号
上海市,长宁区,长宁路712弄
上海市,徐汇区,陕西南路287弄56号
上海市,静安区,长乐路672弄3楼
上海市,静安区,常德路519弄7号1
上海市,静安区,常德路519弄7号
上海市,黄浦区,茂名南路133弄14号
上海市,徐汇区,天平路216弄
上海市,徐汇区,番禺路998弄2号
上海市,浦东区,川周公路2828弄34号
上海市,黄浦区,瑞金一路121弄51号
上海市,黄浦区,黄陂南路596弄21号
上海市,长宁区,延安西路649弄95号
上海市,黄浦区,淮海中697弄23号
上海市,黄浦区,陕西南路102弄
上海市,徐汇区,复兴西路49弄8号
上海市,徐汇区,淮海中路1326弄44号
上海市,徐汇区,永福路10号
上海市,徐汇区,吴兴路21弄
上海市,静安区,南京西路1025弄34号
上海市,黄浦区,瑞金二路360号
上海市,静安区,常德路519弄7号
上海市,黄浦区,淡水路214弄20号
上海市,徐汇区,淮海中路1984弄23号
上海市,黄浦区,建国中路18弄3号
上海市,徐汇区,昭化东路77弄
上海市,长宁区,延安西路489弄
上海市,黄浦区,淮海中路297弄
上海市,徐汇区,建国西路613弄
上海市,静安区,常德路519弄3623号
上海市,黄浦区,瑞金一路121弄51号
上海市,徐汇区,淮海中路1412弄
上海市,徐汇区,建国西路695弄
上海市,静安区,常德路519弄12号
上海市,徐汇区,乌鲁木齐中路261弄4号
上海市,静安区,巨鹿路516弄5号
上海市,静安区,常德路519弄325号
上海市,徐汇区,常熟路112弄
上海市,徐汇区,太原路165弄
上海市,徐汇区,湖南路200弄1号
上海市,静安区,常德路519弄087号
上海市,徐汇区,天平路43弄
上海市,徐汇区,太原路63号
上海市,静安区,延安中路877弄32号
上海市,徐汇区,武康路391弄
上海市,徐汇区,泰安路92弄
上海市,黄浦区,建国中路103弄10号
上海市,黄浦区,瑞金一路121弄51号
上海市,黄浦区,瑞金一路121弄51号
上海市,静安区,新闸路1124弄17号
上海市,浦东区,南码头路1127弄1号
上海市,静安区,南京西路1081弄
上海市,徐汇区,襄阳南路452弄117号
上海市,长宁区,昭化东路82弄5号
上海市,闵行区,虹梅路3330弄
上海市,徐汇区,吴兴路21弄4号
上海市,徐汇区,复兴中路1252弄复兴中路
上海市,徐汇区,复兴中路1294弄1号
上海市,青浦区,镇泽路118弄59号
上海市,徐汇区,余庆路103弄
上海市,徐汇区,永康路163号
上海市,徐汇区,安福路191弄19
上海市,徐汇区,武康路280弄11号
上海市,浦东区,花木路500弄121号
上海市,徐汇区,安福路
上海市,静安区,北京西路1400弄11号
上海市,徐汇区,永嘉路356弄22号
上海市,徐汇区,太原路231号
上海市,徐汇区,建国西路56弄30号
上海市,静安区,华山路229弄
上海市,黄浦区,成都南路132弄6号
上海市,徐汇区,思南路48号
上海市,徐汇区,斜土路1155弄1号
上海市,徐汇区,高安路100弄9号
上海市,徐汇区,建国西路611弄611号
上海市,徐汇区,永福路147弄55号
上海市,黄浦区,新天地路14号
上海市,静安区,康定路872弄
上海市,徐汇区,汾阳路9弄7号
上海市,静安区,延安西路487弄4号
上海市,静安区,常德路519号
上海市,徐汇区,长乐路434弄4号
上海市,长宁区,新华路413弄3号
上海市,徐汇区,永嘉路291弄41号
上海市,静安区,北京西路1705号
上海市,徐汇区,淮海中路1270弄24号
上海市,徐汇区,衡山路696弄6号
上海市,黄浦区,淮海中路13号
上海市,静安区,延安中路913弄32号
上海市,徐汇区,云锦路50弄2号
上海市,徐汇区,衡山路696弄
上海市,徐汇区,复兴中路1294弄
上海市,静安区,愚园路488弄22号
上海市,徐汇区,永康路142弄23号
上海市,黄浦区,长乐路434弄23号
上海市,徐汇区,淮海路899弄
上海市,静安区,南京西路1025弄34号
上海市,黄浦区,香山路18弄1号
上海市,静安区,南京西路1025弄34号
上海市,黄浦区,皋兰路16号
上海市,静安区,富民路156弄15号
上海市,徐汇区,新乐路100弄9号
上海市,徐汇区,建国西路619弄22号
上海市,徐汇区,淮海中路1487弄12号
上海市,静安区,威海路651号
上海市,黄浦区,成都南路142弄
上海市,黄浦区,淮海中路613弄67号
上海市,徐汇区,淮海中路1487弄17号
上海市,长宁区,延安西路649弄105号
上海市,徐汇区,复兴西路49弄10号
上海市,黄浦区,瑞金二路358号
上海市,长宁区,水城南路51弄
上海市,黄浦区,淮海中路613弄20号
上海市,静安区,富民路197弄2号
上海市,黄浦区,复兴中路553弄18号
上海市,黄浦区,香山路18弄6号
上海市,黄浦区,香山路8号
上海市,徐汇区,余庆路8号
上海市,徐汇区,嘉善路169弄11号
上海市,徐汇区,延庆路29弄
上海市,徐汇区,小木桥路345弄6号
上海市,徐汇区,长乐路1234号
上海市,静安区,武定路600弄12号
上海市,徐汇区,永嘉路291弄17号
上海市,黄浦区,永嘉路21弄
上海市,黄浦区,南昌路163号
上海市,徐汇区,高邮路5弄17号
上海市,徐汇区,建国西路309弄8号
上海市,徐汇区,天平路91弄2号
上海市,徐汇区,天平路288弄18号
上海市,徐汇区,襄阳南路499弄15号
上海市,徐汇区,乌鲁木齐中路196号
上海市,徐汇区,康平路172弄36号
上海市,静安区,延安中路504弄
上海市,静安区,延安中路504弄
上海市,长宁区,新华路210弄13号
上海市,长宁区,法华路720弄10号
上海市,徐汇区,天平路288弄17号
上海市,黄浦区,瑞金二路2号
上海市,静安区,瑞金二路312号
上海市,黄浦区,茂名南路94号
上海市,徐汇区,湖南路311弄11号
上海市,静安区,长乐路401弄6号
上海市,徐汇区,嘉善路117弄21号
上海市,徐汇区,安福路250弄4号
上海市,静安区,昌平路421弄3号
上海市,徐汇区,襄阳南路239弄2号
上海市,徐汇区,天平路288
上海市,静安区,南京西路1129弄6号
上海市,长宁区,法华镇路150弄
上海市,徐汇区,兴国路151弄3号
上海市,静安区,康平路207弄4号
上海市,静安区,奉贤路238号
上海市,静安区,富民路148弄12号
上海市,黄浦区,瑞金二路130号
上海市,徐汇区,建国西路333弄1号
上海市,徐汇区,天平路51弄23号
上海市,浦东区,江环路688弄1号
上海市,静安区,愚园路190号
上海市,徐汇区,五原路84弄19号
上海市,长宁区,法华镇路720弄10号
上海市,徐汇区,永康路157弄
上海市,徐汇区,高安路100弄9号
上海市,徐汇区,高安路82弄4号
上海市,徐汇区,乌鲁木齐南路396弄17号
上海市,徐汇区,泰安路94号
上海市,徐汇区,吴兴路260号
上海市,徐汇区,长乐路169弄69号
上海市,徐汇区,湖南路311弄11号
上海市,徐汇区,五原路84弄21号
上海市,徐汇区,泰安路34弄
上海市,徐汇区,汾阳路9弄
上海市,静安区,南京西路1025弄25号
上海市,黄浦区,瑞金二路24号
上海市,徐汇区,嘉善路234号
上海市,黄浦区,马当路301弄21号
上海市,徐汇区,巨鹿路703弄
上海市,静安区,巨鹿路614号
上海市,静安区,长乐路681号
上海市,青浦区,佳杰路88弄2号
上海市,长宁区,愚园路750弄15号
上海市,静安区,愚园路1088弄14号
上海市,徐汇区,高安路1弄
上海市,黄浦区,瑞金二路129弄91号
上海市,徐汇区,复兴中路1333弄
上海市,静安区,愚园路488弄25号
上海市,静安区,陕西北路119弄21号
上海市,长宁区,华山路1100弄
上海市,徐汇区,五原路77弄
上海市,静安区,长乐路682弄16号
上海市,长宁区,武夷路284弄
上海市,徐汇区,宛平南路144弄2号
上海市,徐汇区,建国西路130弄
上海市,徐汇区,湖南路280弄8号
上海市,黄浦区,淡水路214弄41号
上海市,徐汇区,永嘉路289弄289号
上海市,黄浦区,长乐路169弄69号
上海市,徐汇区,襄阳南路444弄18号
上海市,徐汇区,安福路53弄
上海市,徐汇区,陕西南路271弄1号
上海市,黄浦区,淮海中路526弄15号
上海市,徐汇区,天平51弄16号
上海市,黄浦区,黄陂南路596弄39号
上海市,黄浦区,复兴中路626弄
上海市,徐汇区,衡山路596号
上海市,徐汇区,淮海中路1984弄5号
上海市,青浦区,诸陆西路2265弄
上海市,黄浦区,
上海市,徐汇区,建国西路354弄17号
上海市,静安区,延安中路877弄27号
上海市,徐汇区,高邮路5弄14号
上海市,徐汇区,淮海中路1412弄5号
上海市,徐汇区,复兴中路1333弄
上海市,黄浦区,淡水路89弄10号
上海市,黄浦区,南京西路450弄390号
上海市,徐汇区,建国西路506弄57号
上海市,徐汇区,石龙路79弄28号
上海市,静安区,华山路285弄
上海市,静安区,陕西北路175弄
上海市,徐汇区,巨鹿路741弄3号
上海市,静安区,南京西路1025弄1号
上海市,徐汇区,襄阳北路68弄4号
上海市,徐汇区,长乐路434弄15号
上海市,徐汇区,复兴中路1260弄1号
上海市,静安区,常熟路113弄
上海市,黄浦区,南昌路205弄4号
上海市,徐汇区,襄阳北路44弄5号
上海市,徐汇区,南昌路178弄
上海市,静安区,康平路207弄4号
上海市,徐汇区,复兴西路201弄7号
上海市,徐汇区,淮海中路1893弄4号
上海市,黄浦区,南昌路278弄4号
上海市,徐汇区,长乐路1242号
上海市,黄浦区,复兴中路553弄
上海市,静安区,愚园路608弄158号
上海市,徐汇区,汾阳路9弄17号
上海市,徐汇区,永康路38弄62号
上海市,徐汇区,长乐路339弄5号
上海市,黄浦区,茂名南路86号
上海市,徐汇区,武康路路280弄280号
上海市,静安区,长乐路1242号
上海市,徐汇区,永嘉路356弄
上海市,徐汇区,巨鹿路859号
上海市,徐汇区,长乐路339弄32号
上海市,徐汇区,安福路221号
上海市,徐汇区,高安路71弄
上海市,徐汇区,新乐路151弄2号
上海市,徐汇区,淮海中路1893号
上海市,黄浦区,淮海中路697弄14号
上海市,徐汇区,天平路288弄16号
上海市,徐汇区,建国西路506弄1号
上海市,黄浦区,马当路301弄6号
上海市,黄浦区,马当路306弄
上海市,徐汇区,嘉善路232弄14号
上海市,徐汇区,乌鲁木齐南路151号
上海市,徐汇区,永康路157弄3号
上海市,静安区,泰兴路369弄10号
上海市,静安区,愚园路483弄27号
上海市,静安区,巨鹿路703弄
上海市,静安区,巨鹿路703弄1号
上海市,静安区,巨鹿路703弄1号
上海市,长宁区,番禺路290弄14号
上海市,黄浦区,淮海中路668弄9号
上海市,黄浦区,淡水路
上海市,静安区,武定西路1375弄1楼
上海市,徐汇区,宛平路8弄
上海市,静安区,南京西路1025弄45号
上海市,徐汇区,嘉善路232弄14号
上海市,徐汇区,太原路87弄1号
上海市,徐汇区,淮海中路1412弄25号
上海市,徐汇区,华亭路83弄4号
上海市,徐汇区,岳阳路79弄6号
上海市,徐汇区,淮海中路613弄48号
上海市,静安区,延安中路740号
上海市,黄浦区,马当路306弄55号
上海市,徐汇区,永康路142弄
上海市,徐汇区,五原路252弄
上海市,徐汇区,建国西路218弄4号
上海市,徐汇区,华亭路93弄
上海市,徐汇区,汾阳路9弄7号
上海市,长宁区,番禺路290弄
上海市,黄浦区,重庆南路205弄
上海市,静安区,长乐路682弄29号
上海市,徐汇区,常熟路163弄
上海市,静安区,愚园路579弄30号
上海市,徐汇区,建国西路312号
上海市,静安区,南京西路1890号
上海市,静安区,愚园路576弄11号
上海市,徐汇区,五原路205弄1号
上海市,徐汇区,淮海中路927弄50号
上海市,黄浦区,重庆南路205弄18号
上海市,徐汇区,广元路158弄
上海市,黄浦区,泰康路10弄1号
上海市,静安区,南京西路1213弄84号
上海市,黄浦区,淡水路223弄1号
上海市,徐汇区,常熟路228弄3号
上海市,黄浦区,淡水路322弄16号
上海市,徐汇区,岳阳路200弄22号
上海市,徐汇区,复兴中路1363弄
上海市,静安区,武定路906号
上海市,静安区,康定路754号
上海市,徐汇区,新华路73弄
上海市,黄浦区,瑞金一路118弄7号
上海市,徐汇区,陕西南路39弄1-118号
上海市,静安区,北京西1369号
上海市,长宁区,延安西路649弄85号
上海市,徐汇区,安福路249弄
上海市,徐汇区,巨鹿路785弄1号
上海市,徐汇区,法华镇路25弄3号
上海市,黄浦区,马当路328弄
上海市,徐汇区,建国西路336弄
上海市,长宁区,延安西路649弄85号
上海市,静安区,万航渡路673号
上海市,黄浦区,瑞金二路225弄25号
上海市,徐汇区,华亭路11号
上海市,徐汇区,华亭路17弄1号
上海市,徐汇区,岳阳路77弄6号
上海市,徐汇区,复兴中路1252弄
上海市,静安区,延安中路504弄40号
上海市,静安区,南京西路612弄35号
上海市,徐汇区,淮海中路1285弄4号
上海市,徐汇区,重庆南路205弄40号
上海市,黄浦区,马当路306弄20号
上海市,徐汇区,永嘉291弄80号
上海市,徐汇区,汾阳路9弄9号
上海市,黄浦区,建国西路56弄35号
上海市,黄浦区,永嘉路291弄17号
上海市,徐汇区,五原路77弄9号
上海市,徐汇区,太原路25弄11号
上海市,徐汇区,南丹路181弄11号
上海市,徐汇区,新华路73弄7号
上海市,徐汇区,永嘉路486号
上海市,徐汇区,复兴中路1218弄19号
上海市,静安区,新闸路1124弄16号
上海市,静安区,新闸路1124弄302
上海市,徐汇区,建国西路613弄3号
上海市,徐汇区,五原路77弄8号
上海市,徐汇区,绍兴路96弄9号
上海市,徐汇区,复兴中路1315弄21号
上海市,黄浦区,淡水路221弄
上海市,徐汇区,茂名坊98号
上海市,徐汇区,乌鲁木齐中路148弄
上海市,黄浦区,淮海中路697弄
上海市,徐汇区,岳阳路200弄14号
上海市,徐汇区,建国西路354弄18号
上海市,静安区,延安中路1135弄20号
上海市,徐汇区,五原路201号
上海市,黄浦区,重庆南路205弄94号
上海市,黄浦区,重庆南路30号
上海市,徐汇区,太原路63弄7号
上海市,静安区,威海路864号
上海市,徐汇区,乌鲁木齐396弄甲支弄2号
上海市,徐汇区,陕西南路271弄251号
上海市,黄浦区,陕西南路251弄251号
上海市,黄浦区,陕西南路251号
上海市,黄浦区,陕西南路251号
上海市,徐汇区,太原路63弄
上海市,静安区,余姚路487弄67号
上海市,静安区,延安中路913弄85号
上海市,徐汇区,富民路172弄1号
上海市,徐汇区,常熟路228弄11号
上海市,静安区,陕西北路470弄
上海市,徐汇区,安福路191弄
上海市,徐汇区,五原路84弄17号
上海市,徐汇区,五原路283号
上海市,徐汇区,汾阳路152号
上海市,徐汇区,长乐路447号
上海市,徐汇区,余庆路41弄3号
上海市,徐汇区,泰安路86弄86号
上海市,徐汇区,南昌路585弄
上海市,黄浦区,淡水路214弄18号
上海市,徐汇区,富民路148弄12号
上海市,黄浦区,淡水路89弄10号
上海市,徐汇区,乌鲁木齐南路396号
上海市,徐汇区,岳阳路77弄12号
上海市,黄浦区,建国中路155弄17号
上海市,徐汇区,湖南路100弄
上海市,黄浦区,滇池路120号
上海市,徐汇区,兴国路244弄5号
上海市,徐汇区,延庆路51弄8号
上海市,静安区,胶州路565弄
上海市,黄浦区,陕西南路251号
上海市,徐汇区,淮海中路1670弄甲4号
上海市,黄浦区,陕西南路251号
上海市,徐汇区,淮海中路1610弄
上海市,徐汇区,安福路250弄
上海市,徐汇区,嘉善路169弄24号
上海市,黄浦区,瑞金二路69弄
上海市,徐汇区,高邮路5弄58号
上海市,徐汇区,延庆路21号
上海市,徐汇区,五原路252弄5号
上海市,徐汇区,建国西路327弄6号
上海市,黄浦区,香山路8号
上海市,长宁区,愚园路1032弄
上海市,徐汇区,复兴中路1252弄17号
上海市,静安区,西康路167弄
上海市,黄浦区,茂名南路98号
上海市,徐汇区,高安路20弄1号
上海市,徐汇区,高安路6弄
上海市,黄浦区,北京东路121弄1号
上海市,徐汇区,新乐路100弄27号
上海市,徐汇区,南昌路212弄3号
上海市,徐汇区,新乐路100弄8号
上海市,徐汇区,岳阳路77弄9号
上海市,徐汇区,天平路51弄
上海市,徐汇区,泰安路76弄76号
上海市,徐汇区,五原路205弄1号
上海市,黄浦区,淮海中路927弄1号
上海市,静安区,南京西路1129弄
上海市,徐汇区,嘉善路169弄21号
上海市,黄浦区,马当路318弄
上海市,徐汇区,天平路288弄8号
上海市,徐汇区,襄阳南路306弄11号
上海市,徐汇区,岳阳路200弄14号
上海市,长宁区,延安西路1446弄
上海市,徐汇区,虹桥路168弄11号
上海市,徐汇区,安福路228号
上海市,徐汇区,淮海中路1562弄5号
上海市,徐汇区,建国西路384弄29号
上海市,黄浦区,淡水路91弄3号
上海市,徐汇区,岳阳路77弄17号
上海市,静安区,富民路156弄1号
上海市,静安区,延安中路1157弄
上海市,黄浦区,泰康路10弄1号
上海市,黄浦区,淮海中路526弄77号
上海市,徐汇区,天平路288弄28号
上海市,静安区,南京西路1081弄
上海市,徐汇区,淮海中路1710弄4号
上海市,徐汇区,延庆路29弄3号
上海市,黄浦区,复兴中路553弄58号
上海市,黄浦区,陕西南路83弄
上海市,徐汇区,襄阳南路66弄10号
上海市,静安区,延安中路545弄10号
上海市,徐汇区,淮海中路1487弄8号
上海市,徐汇区,复兴中路1350弄19号
上海市,黄浦区,茂名南路169弄13号
上海市,徐汇区,吴兴路30弄2号
上海市,徐汇区,长乐路447号
上海市,长宁区,愚园路1292弄
上海市,徐汇区,绍兴路19号
上海市,黄浦区,茂名南路133弄
上海市,徐汇区,安福路250弄1号
上海市,静安区,南京西路591弄101号
上海市,静安区,愚园路七四九弄749弄
上海市,徐汇区,淮海中路1759号
上海市,徐汇区,永福路147弄69号
上海市,徐汇区,武康路280弄64号
上海市,静安区,常德路633弄134号
上海市,徐汇区,汾阳路9弄11号
上海市,徐汇区,永嘉路580弄72号
上海市,黄浦区,南昌路278弄
上海市,徐汇区,衡山路696弄5号
上海市,静安区,巨鹿路383弄
上海市,徐汇区,五原路乌鲁木齐路口
上海市,徐汇区,襄阳北路66弄10号
上海市,徐汇区,建国西路316弄36号
上海市,静安区,乌鲁木齐中路261弄5号
上海市,徐汇区,高安路18弄2号
上海市,徐汇区,复兴西路22弄2号
上海市,黄浦区,威海路92弄4号
上海市,静安区,乌鲁木齐北路498弄33号
上海市,长宁区,江苏路186弄1号
上海市,徐汇区,复兴中路1350弄19号
上海市,徐汇区,永康路175弄15号
上海市,静安区,威海路12弄42号
上海市,黄浦区,威海路12弄42号
上海市,徐汇区,永福路147弄35号
上海市,静安区,延安中路504弄
上海市,静安区,延安西路421弄6号
上海市,静安区,延安中路504弄
上海市,长宁区,虹古路433弄7号
上海市,静安区,武定西路1420弄
上海市,徐汇区,高邮路5弄1楼
上海市,徐汇区,建国西路384弄25号
上海市,静安区,南京西路984号
上海市,徐汇区,永嘉路17号
上海市,徐汇区,襄阳南路166弄9号
上海市,静安区,巨鹿路695弄4号
上海市,静安区,茂名南路24弄2号
上海市,徐汇区,襄阳北路6弄19号
上海市,静安区,北京西路1220弄7号
上海市,徐汇区,建国西路384弄
上海市,徐汇区,武康路280弄50号
上海市,黄浦区,淮海中路584弄8号
上海市,徐汇区,五原路67号
上海市,黄浦区,马当路336弄
上海市,徐汇区,常熟路108弄
上海市,静安区,南阳路30弄3号
上海市,徐汇区,南昌路166弄2号
上海市,徐汇区,岳阳路200弄9号
上海市,徐汇区,复兴中路1340弄5楼
上海市,徐汇区,南昌路166弄1号
上海市,长宁区,愚园路1292号
上海市,青浦区,沪青平公路1655弄9号
上海市,徐汇区,安福路55号
上海市,静安区,延安中路955弄11号
上海市,徐汇区,延安西路955弄
上海市,黄浦区,襄阳南路151弄2号
上海市,普陀区,云岭西路899弄33号
上海市,徐汇区,常熟路85弄4号
上海市,徐汇区,永康路142弄35号
上海市,静安区,巨鹿路695弄
上海市,黄浦区,皋兰路5弄
上海市,长宁区,延安西路1446弄6号
上海市,松江区,明兴路528弄57号
上海市,静安区,南汇路72弄1号
上海市,徐汇区,天平路130弄5号
上海市,静安区,凤阳路634号
上海市,静安区,延安西路421弄2号
上海市,浦东区,东绣路1389弄18号
上海市,浦东区,商城路108弄
上海市,徐汇区,襄阳南路306弄11号
上海市,黄浦区,复兴中路553弄10号
上海市,徐汇区,岳阳路170弄4号
上海市,徐汇区,湖南路4弄1号
上海市,黄浦区,瑞金一路118弄6号
上海市,徐汇区,永嘉新村带花园路
上海市,徐汇区,泰安路85号
上海市,徐汇区,南昌路102弄10号
上海市,徐汇区,淮海中路1984弄
上海市,闵行区,银都路3399弄354号
上海市,黄浦区,南昌路166弄3号
上海市,徐汇区,安福路228弄
上海市,徐汇区,永嘉路527弄
上海市,徐汇区,安福路220弄
上海市,徐汇区,宛平路6弄4号
上海市,徐汇区,安福路250弄1号
上海市,徐汇区,桃江路21号
上海市,徐汇区,桃江路21号
上海市,徐汇区,宛平路10弄16号
上海市,徐汇区,五原路91弄91号
上海市,徐汇区,淮海中路1200弄6号
上海市,浦东区,秀沿路1168弄
上海市,黄浦区,南昌路178弄16号
上海市,徐汇区,高安路9弄12号
上海市,徐汇区,复兴中路1271号
上海市,徐汇区,安福189弄2号
上海市,静安区,常熟路85弄5号
上海市,黄浦区,长乐路43弄
上海市,黄浦区,长乐路43弄13号
上海市,徐汇区,长乐路611弄18号
上海市,徐汇区,富民路182弄28号
上海市,静安区,巨鹿路756弄
上海市,徐汇区,康平路160号
上海市,徐汇区,武康路69弄1号
上海市,徐汇区,陕西南路370弄
上海市,徐汇区,高安路18弄2号
上海市,静安区,铜仁路314弄
上海市,徐汇区,天平路120弄3号
上海市,徐汇区,富民路182弄
上海市,徐汇区,新乐路55号
上海市,徐汇区,兴国路171号
上海市,黄浦区,重庆南路298弄
上海市,静安区,万航渡路320弄30号
上海市,徐汇区,五原路1号
上海市,静安区,常熟路85弄5号
上海市,徐汇区,高安路100弄5号
上海市,徐汇区,五原路249弄
上海市,静安区,巨鹿路820弄60号
上海市,青浦区,高泾路999弄
上海市,徐汇区,延安中路955弄
上海市,黄浦区,建国中路103弄40号
上海市,徐汇区,乌鲁木齐中路31弄4号
上海市,徐汇区,衡山路335弄5号
上海市,静安区,康定路863弄3号
上海市,静安区,愚园路579弄38号
上海市,徐汇区,兴国路63弄16号
上海市,徐汇区,长乐路339弄13号
上海市,徐汇区,成都北路527弄
上海市,徐汇区,长乐路447弄
上海市,徐汇区,天平路51弄23号
上海市,静安区,奉贤路61弄80号
上海市,徐汇区,新乐路100弄
上海市,静安区,乌鲁木齐北路444弄68号
上海市,黄浦区,茂名南路169弄21号
上海市,徐汇区,淮海中路670弄2号
上海市,徐汇区,襄阳南路429弄2号
上海市,徐汇区,天平路120弄
上海市,徐汇区,襄阳南路306弄11号
上海市,徐汇区,永康路142弄54号
上海市,徐汇区,天平路120弄3号
上海市,徐汇区,襄阳南路364号
上海市,静安区,威海路647弄1号
上海市,静安区,愚园路457弄
上海市,徐汇区,安福路250弄1号
上海市,徐汇区,长乐路594号
上海市,徐汇区,永嘉路291弄43号
上海市,徐汇区,淮海中路1200弄1号
上海市,徐汇区,永福路86弄1号
上海市,静安区,康定路863弄3号
上海市,长宁区,江苏路495弄51号
上海市,静安区,武定西路1335弄
上海市,静安区,北京西路1312弄20号
上海市,徐汇区,永嘉路495弄7号
上海市,静安区,常熟路85弄
上海市,浦东区,梅花路230弄
上海市,徐汇区,余庆路90弄
上海市,松江区,涞坊路1199弄149号
上海市,静安区,富民路164弄15号
上海市,徐汇区,复兴中路1317号
上海市,徐汇区,岳阳路200弄16号
上海市,徐汇区,淮海中路613弄46号
上海市,黄浦区,瑞金二路129弄84号
上海市,徐汇区,安福路250弄1号
上海市,松江区,沪亭北路1001弄353号
上海市,徐汇区,乌鲁木齐南路396弄甲支弄2号
上海市,徐汇区,东平路2号
上海市,长宁区,愚园路1088弄
上海市,徐汇区,建国西路611号
上海市,黄浦区,建国西路130弄1号
上海市,徐汇区,泰安路85号
上海市,静安区,常熟路104弄
上海市,长宁区,延安西路1503弄
上海市,徐汇区,复兴西路53弄5号
上海市,黄浦区,延安中路545弄15号
上海市,徐汇区,陕西南路534弄2号
上海市,徐汇区,淮海中路1753号
上海市,静安区,西康路173弄
上海市,徐汇区,永嘉路291弄慎成里
上海市,静安区,南汇路34弄21号
上海市,徐汇区,淮海中路1763号
上海市,徐汇区,五原路52号
上海市,徐汇区,五原路84弄8号
上海市,徐汇区,永嘉路527弄4号
上海市,长宁区,安福路250弄1号
上海市,长宁区,新华路413弄
上海市,徐汇区,岳阳路25号
上海市,黄浦区,茂名南路40号
上海市,静安区,胶州路293弄4号
上海市,徐汇区,陕西南路222弄
上海市,徐汇区,武康路湖南路
上海市,浦东区,南六公路99弄
上海市,徐汇区,汾阳路911号
上海市,徐汇区,五原路50弄6号
上海市,徐汇区,福山路102弄8
上海市,徐汇区,五原路270弄3号
上海市,徐汇区,五原路270弄4号
上海市,徐汇区,永嘉路580弄27号
上海市,静安区,武定西路1267弄
上海市,徐汇区,湖南路20弄7号
上海市,黄浦区,重庆南路16号
上海市,徐汇区,淮海中路1200弄1号
上海市,徐汇区,五原路50弄
上海市,徐汇区,高安路97号
上海市,长宁区,安化路175号
上海市,徐汇区,永嘉路580弄
上海市,静安区,升平路79弄15号
上海市,徐汇区,淮海中路1857弄
上海市,黄浦区,陕西南路271弄5号
上海市,徐汇区,建国西路211弄8号
上海市,徐汇区,长乐路245号
上海市,徐汇区,长乐路245号
上海市,徐汇区,淮海中路1487弄35号
上海市,徐汇区,高安路18弄
上海市,黄浦区,瑞金一路126弄
上海市,徐汇区,武康路6弄
上海市,徐汇区,吴兴路12弄2楼
上海市,徐汇区,淮海中路1670弄14号
上海市,静安区,茂名北路141弄
上海市,徐汇区,宝庆路9弄
上海市,黄浦区,南昌路142弄
上海市,黄浦区,重庆南16号
上海市,徐汇区,永嘉路321弄
上海市,徐汇区,永嘉路480弄27号
上海市,徐汇区,天平路36弄1号
上海市,静安区,康定东路53弄9号
上海市,徐汇区,淮海中路1753号
上海市,徐汇区,五原路281弄
上海市,黄浦区,瑞金二路129弄99号
上海市,徐汇区,复兴中路1350弄22号
上海市,静安区,巨鹿路820弄1号
上海市,静安区,延安西路150弄1号
上海市,徐汇区,永福路131弄
上海市,徐汇区,岳阳路200弄
上海市,徐汇区,陕西南路39弄531号
上海市,徐汇区,永嘉路229弄10号
上海市,徐汇区,陕西南路83弄2楼
上海市,静安区,陕西南路39弄107号
上海市,徐汇区,太原路25弄14号
上海市,黄浦区,绍兴路76弄3号
上海市,徐汇区,天平路55号
上海市,浦东区,龙东大道4288路
上海市,青浦区,徐盈路158弄
上海市,徐汇区,乌鲁木齐中路351弄351号
上海市,徐汇区,乌鲁木齐396弄甲支弄2号
上海市,黄浦区,陕西南路39弄117号
上海市,徐汇区,安福路
上海市,徐汇区,高安路100弄5号
上海市,徐汇区,五原路96弄1号
上海市,徐汇区,陕西南路186弄
上海市,徐汇区,陕西南路368号
上海市,静安区,威海路688号
上海市,静安区,陕西南路39弄888号
上海市,徐汇区,岳阳路195弄
上海市,静安区,延安西路150弄
上海市,静安区,巨鹿路路852弄8号
上海市,静安区,江宁路363弄1号
上海市,徐汇区,新乐路58弄
上海市,徐汇区,陕西南路39弄237号
上海市,静安区,陕西南路39弄1号
上海市,黄浦区,陕西南路39弄1547号
上海市,徐汇区,常熟路139号
上海市,黄浦区,陕西南路39弄117号
上海市,徐汇区,永康路171号
上海市,徐汇区,武康路280弄
上海市,徐汇区,太原路83弄2号
上海市,徐汇区,永嘉路1弄6号
上海市,静安区,长乐路613弄
上海市,闵行区,虹梅路3333弄
上海市,静安区,南京西路1213弄
上海市,静安区,武定西路1267号
上海市,青浦区,业辉路199弄286号
上海市,徐汇区,武康路6弄0号
上海市,徐汇区,淮海中路1761号
上海市,闵行区,诸新路377弄
上海市,静安区,愚园路361弄
上海市,徐汇区,泰安路91弄1号
上海市,静安区,镇宁路285弄
上海市,徐汇区,余庆路路90弄1号
上海市,青浦区,前云路222弄
上海市,黄浦区,南昌路272弄5号
上海市,徐汇区,建国西路506弄7号
上海市,徐汇区,复兴中路1295弄75号
上海市,徐汇区,高安路2弄3号
上海市,青浦区,联民路55弄
上海市,徐汇区,衡山路335弄
上海市,黄浦区,瑞金二路129号
上海市,徐汇区,湖南路311弄18号
上海市,徐汇区,陕西南路39弄23号
上海市,静安区,陕西南路39弄长乐邨
上海市,黄浦区,陕西南路39弄225号
上海市,黄浦区,淮海中路999号
上海市,黄浦区,陕西南路39弄117号
上海市,黄浦区,绍兴路18弄
上海市,徐汇区,余庆路180弄2号
上海市,徐汇区,高邮路5弄23号
上海市,静安区,延安中路1135弄6号
上海市,徐汇区,陕西南路39弄23号
上海市,静安区,愚园路361弄25号
上海市,徐汇区,陕西南路39弄780号
上海市,静安区,南京西路1025弄1号
上海市,徐汇区,高邮路22号
上海市,静安区,富民路197弄30号
上海市,静安区,淮海中路1670弄6号
上海市,徐汇区,高邮路5弄23号
上海市,静安区,长乐路774弄1号
上海市,黄浦区,延安中路454弄
上海市,徐汇区,乌鲁木齐南路396弄甲支弄2号
上海市,徐汇区,永嘉路580弄33号
上海市,徐汇区,淮海中路1857弄47号
上海市,徐汇区,高邮路22号
上海市,青浦区,业辉路199弄286号
上海市,黄浦区,巨鹿路318号
上海市,徐汇区,东湖路56弄48号
上海市,闵行区,幸乐路500弄82号
上海市,徐汇区,宛平路6弄3号
上海市,黄浦区,瑞金二路260号
上海市,闵行区,虹梅路3333弄2号
上海市,浦东区,乳山路505弄
上海市,徐汇区,长乐路1242号
上海市,静安区,长乐路39弄12号
上海市,徐汇区,宛平路6弄3楼
上海市,徐汇区,高安路2弄3号
上海市,黄浦区,陕西南路352号
上海市,静安区,南京西路1081弄8号
上海市,徐汇区,陕西南路39弄2112号
上海市,静安区,陕西南路39弄745号
上海市,徐汇区,襄阳南路429弄
上海市,徐汇区,高安路2弄1号
上海市,徐汇区,陕西南路186弄11号
上海市,徐汇区,余庆路90弄1号
上海市,静安区,富民路197弄30号
上海市,徐汇区,建国西路56弄1号
上海市,徐汇区,余庆路90弄1号
上海市,静安区,巨鹿路717弄2号
上海市,徐汇区,永康路173号
上海市,浦东区,松涛路200弄
上海市,徐汇区,襄阳南路247弄2号
上海市,徐汇区,新乐路44弄8号
上海市,长宁区,安西路23弄
上海市,青浦区,诸光路1188号
上海市,青浦区,高泾路689弄
上海市,徐汇区,建国西路407号
上海市,静安区,北京西路838弄2号
上海市,黄浦区,成都南路99弄
上海市,徐汇区,淮海中路1887号
上海市,徐汇区,永嘉路375号
上海市,徐汇区,乌鲁木齐南路396弄
上海市,徐汇区,宛平路10弄20号
上海市,静安区,愚园路579弄28号
上海市,徐汇区,长乐路619号
上海市,徐汇区,汾阳路9弄11号
上海市,静安区,青云路350弄13号
上海市,静安区,北京西路1400弄16号
上海市,徐汇区,陕西南路271弄9号
上海市,徐汇区,淮海中路1285弄
上海市,徐汇区,衡山路335弄1楼
上海市,静安区,乌鲁木齐北路498弄1号
上海市,静安区,北京西路1400弄
上海市,静安区,北京西路1400弄16号
上海市,徐汇区,岳阳路200弄4号
上海市,徐汇区,新乐路100弄25号
上海市,徐汇区,陕西南路550弄37号
上海市,静安区,陕西南路39弄117号
上海市,闵行区,虹桥路1889弄25号
上海市,静安区,南京西路1081弄58号
上海市,静安区,康定路716弄10号
上海市,徐汇区,乌鲁木齐南路396弄2号
上海市,徐汇区,陕西南路39弄1213号
上海市,静安区,茂名北路282弄
上海市,徐汇区,长乐路1131弄
上海市,徐汇区,陕西南路39弄2123号
上海市,松江区,古楼路529号
上海市,徐汇区,五原路7号
上海市,黄浦区,陕西南路39弄32号
上海市,黄浦区,陕西南路39弄117号
上海市,浦东区,周园路666弄142号
上海市,黄浦区,陕西南路39号
上海市,长宁区,虹桥路1889弄82号
上海市,徐汇区,陕西南路39弄117号
上海市,黄浦区,陕西南路39弄9544号
上海市,静安区,陕西南路39弄857号
上海市,徐汇区,湖南路280弄8号
上海市,静安区,陕西南路39弄789号
上海市,徐汇区,陕西南路39弄687号
上海市,徐汇区,太原路105弄达汇花园
上海市,静安区,华山路229弄23号
上海市,黄浦区,长乐路386弄5号
上海市,黄浦区,新乐路39弄303号
上海市,静安区,陕西南路39弄211号
上海市,黄浦区,陕西南路39弄117号
上海市,静安区,南京西路1081弄2号
上海市,黄浦区,陕西南路39弄634号
上海市,浦东区,华夏二路728弄1号
上海市,徐汇区,乌鲁木齐南路73弄58号
上海市,徐汇区,乌鲁木齐南路73弄8号
上海市,长宁区,江苏路82弄10号
上海市,闵行区,虹梅路3200弄
上海市,徐汇区,襄阳南路357弄27号
上海市,徐汇区,襄阳南路444弄66号
上海市,静安区,奉贤路238号
上海市,长宁区,虹桥路1889弄42号
上海市,黄浦区,绍兴路56弄16号
上海市,静安区,陕西北路30弄
上海市,徐汇区,淮海中路1285弄24号
上海市,长宁区,黄金城道500弄17号
上海市,徐汇区,襄阳南路100弄
上海市,徐汇区,永福路70号
上海市,静安区,华山路229弄35号
上海市,黄浦区,重庆南路252号
上海市,青浦区,高泾路800弄
上海市,徐汇区,南昌路625弄1号
上海市,长宁区,安西路23弄47号
上海市,闵行区,虹梅路1111弄
上海市,静安区,胶州路273弄46号
上海市,徐汇区,陕西南路360弄
上海市,徐汇区,淮海中路1350弄4号
上海市,青浦区,联民路55弄206号
上海市,静安区,南京西路铜仁路
上海市,徐汇区,武康路333号
上海市,徐汇区,建国西路56弄21号
上海市,松江区,涞亭南路599弄189号
上海市,静安区,华山路693号
上海市,徐汇区,淮海中路1487弄
上海市,徐汇区,宛平路2弄
上海市,徐汇区,南昌路143号
上海市,徐汇区,延安中路茂名南路
上海市,徐汇区,淮海中路1285弄18号
上海市,黄浦区,复兴中路455弄
上海市,徐汇区,淮海中路1285弄18号
上海市,黄浦区,淮海中路606弄
上海市,黄浦区,陕西南路271号
上海市,徐汇区,陕西南路271弄9号
上海市,徐汇区,陕西南路271弄9号
上海市,黄浦区,陕西南路271弄9号
上海市,黄浦区,陕西南路271弄9号
上海市,徐汇区,兴国路372弄11号
上海市,长宁区,虹桥路1889弄81号
上海市,长宁区,虹桥路2388号
上海市,闵行区,金丰路55弄
上海市,黄浦区,雁荡路56弄
上海市,徐汇区,吴兴路25弄
上海市,静安区,南京西路1025弄184号
上海市,徐汇区,乌鲁木齐南路1号
上海市,徐汇区,安福路228弄10号
上海市,黄浦区,雁荡路56弄
上海市,黄浦区,雁荡路56弄13号
上海市,黄浦区,雁荡路56弄27号
上海市,黄浦区,雁荡路56弄27号
上海市,静安区,胶州路273弄1号
上海市,徐汇区,延庆路18弄10号
上海市,黄浦区,雁荡路56弄27号
上海市,黄浦区,雁荡路56弄27号
上海市,长宁区,虹桥路1889弄76号
上海市,徐汇区,南昌路102弄
上海市,长宁区,虹桥路1889弄
上海市,静安区,泰兴路445弄
上海市,黄浦区,淮海中路461号
上海市,徐汇区,乌鲁木齐中路15弄2号
上海市,闵行区,华漕镇金丰路55号
上海市,徐汇区,淮海中路567弄1号
上海市,徐汇区,陕西南路232弄
上海市,徐汇区,五原路372弄
上海市,徐汇区,太原路56弄2号
上海市,黄浦区,重庆南路163弄3号
上海市,徐汇区,吴兴路256弄17号
上海市,黄浦区,重庆南路163弄3号
上海市,徐汇区,高安路14弄14号
上海市,静安区,汾阳路152号
上海市,徐汇区,永福路22号
上海市,徐汇区,愽多星记对面
上海市,松江区,明华路888弄27号
上海市,黄浦区,陕西南路271弄5号
上海市,浦东区,龙东大道3800弄83号
上海市,青浦区,高泾路399弄20号
上海市,浦东区,龙洞大道路3800弄83号
上海市,静安区,富民路182弄28号
上海市,黄浦区,马当路278弄43号
上海市,长宁区,虹桥路1889弄
上海市,徐汇区,复兴西路49号
上海市,徐汇区,兴国路41弄
上海市,静安区,延安中路1135弄
上海市,徐汇区,复兴西路44弄4号
上海市,黄浦区,复兴中路455弄2号
上海市,徐汇区,华山路12号
上海市,嘉定区,云屏路88弄35号
上海市,静安区,巨鹿路819弄
上海市,徐汇区,太原路56弄
上海市,静安区,愚园路745号
上海市,静安区,陕西北路470弄38号
上海市,徐汇区,长乐路611弄2号
上海市,黄浦区,雁荡路56弄
上海市,徐汇区,襄阳南路永嘉路
上海市,长宁区,虹井路851号
上海市,徐汇区,乌鲁木齐中路148弄8号
上海市,青浦区,高泾路358弄358号
上海市,徐汇区,南京西路1129弄
上海市,徐汇区,吴兴路256弄
上海市,黄浦区,瑞金二路225弄12号
上海市,黄浦区,雁荡路56弄27号
上海市,徐汇区,襄阳南路357弄5号
上海市,黄浦区,雁荡路56弄
上海市,长宁区,北虹路579弄6号
上海市,黄浦区,雁荡路56弄27号
上海市,徐汇区,高安路78弄4号
上海市,静安区,泰兴路445弄36号
上海市,浦东区,金桥路3221弄
上海市,徐汇区,高邮路22弄
上海市,静安区,乌鲁木齐中路310弄4号
上海市,静安区,巨鹿路318号
上海市,徐汇区,淮海中路1350弄9号
上海市,静安区,愚园路608弄59号
上海市,长宁区,愚园路745号
上海市,徐汇区,建国西路218弄5号
上海市,静安区,升平街41弄40号
上海市,静安区,南阳路56弄
上海市,徐汇区,南昌路81弄2号
上海市,徐汇区,襄阳南路100弄10号
上海市,徐汇区,五原路289弄3号
上海市,徐汇区,淮海西路229弄7号
上海市,静安区,陕西北路414号
上海市,徐汇区,兴国路372弄6号
上海市,徐汇区,绍兴路88弄12号
上海市,青浦区,置发路68弄143号
上海市,徐汇区,高安路6弄2号
上海市,徐汇区,五原路289弄3号
上海市,静安区,陕西北路470
上海市,徐汇区,汾阳路154号
上海市,徐汇区,襄阳南路499弄8号
上海市,黄浦区,巨鹿路425弄2号
上海市,静安区,建国西路384弄39号
上海市,徐汇区,淮海中路1350弄9号
上海市,青浦区,高泾路258弄92号
上海市,徐汇区,五原路288弄
上海市,浦东区,康巴路118弄
上海市,浦东区,秀沿路1弄
上海市,浦东区,金桥路3219弄2号
上海市,黄浦区,淮海中路606弄23号
上海市,静安区,愚园路608弄
上海市,浦东区,金桥路3219弄
上海市,静安区,新闸路888弄40号
上海市,浦东区,龙东大道路4288弄237号
上海市,浦东区,金桥路3219弄2号
上海市,浦东区,锦绣东路418弄
上海市,徐汇区,淮海中路2号
上海市,浦东区,锦绣路418弄
上海市,普陀区,潮州路199弄19号
上海市,徐汇区,复兴西路293号
上海市,静安区,新闸路888弄40号
上海市,静安区,泰兴路458号
上海市,黄浦区,南昌路108号
上海市,黄浦区,绍兴路76弄9号
上海市,闵行区,银都路759弄478号
上海市,浦东区,云山路2000弄156号
上海市,长宁区,淮海中路1984弄17号
上海市,闵行区,虹井路368弄
上海市,黄浦区,绍兴路76弄
上海市,浦东区,沪南路2888弄126号
上海市,黄浦区,绍兴路76弄9号
上海市,徐汇区,复兴中路1288弄2号
上海市,长宁区,哈密路1680弄
上海市,徐汇区,泰安路10弄1号
上海市,黄浦区,绍兴路76弄9号
上海市,徐汇区,乾门设计南昌路110弄
上海市,浦东区,花木路1833弄22号
上海市,浦东区,花木路1833弄
上海市,长宁区,虹桥路20号
上海市,徐汇区,延庆路123弄5号
上海市,浦东区,锦绣东路418弄
上海市,静安区,愚园路608弄121号
上海市,黄浦区,复兴中路626弄2号
上海市,浦东区,云山路2000弄13号
上海市,徐汇区,重庆南路252号
上海市,浦东区,云山路2000弄84号
上海市,徐汇区,巨鹿703弄11号
上海市,浦东区,云山路2000弄13号
上海市,静安区,巨鹿路546弄
上海市,静安区,南昌路242号
上海市,青浦区,东徐联路588号
上海市,静安区,泰兴路445弄6号
上海市,静安区,富民路182弄13号
上海市,浦东区,龙东大道路1弄8号
上海市,静安区,新闸路888弄6号
上海市,徐汇区,乌鲁木齐南路75弄5号
上海市,浦东区,龙东大道路4288弄162号
上海市,黄浦区,老重庆中路64弄
上海市,徐汇区,乌鲁木齐南路167号
上海市,徐汇区,淮海中路1984弄32号
上海市,青浦区,青浦徐泾高泾路358弄
上海市,徐汇区,淮海中路1273弄
上海市,浦东区,罗山路2255弄59号
上海市,长宁区,黄金城道路99弄12A号
上海市,闵行区,运乐路777弄
上海市,静安区,南阳路134号
上海市,徐汇区,安福路275弄12号
上海市,徐汇区,广元路188号
上海市,徐汇区,复兴西路72号
上海市,长宁区,中山西路1036弄
上海市,徐汇区,复兴西路49弄
上海市,徐汇区,复兴西路49弄8号
上海市,黄浦区,南昌路102弄5号
上海市,黄浦区,绍兴24号
上海市,静安区,万航渡路130弄4号
上海市,黄浦区,建国中路143号
上海市,静安区,胶州路149弄100号
上海市,静安区,胶州路149弄100号
上海市,静安区,乌鲁木齐中路15弄
上海市,徐汇区,华亭路31弄5号
上海市,徐汇区,华亭路93弄
上海市,虹口区,天潼路371弄
上海市,徐汇区,淮海中路1768弄
上海市,静安区,巨鹿路796号
上海市,黄浦区,淮海中路668弄5号
上海市,静安区,愚园路419弄34号
上海市,黄浦区,复兴中路洋房
